USE `auction-dev`;


/*********************************************************/
/* TIME ZONE */
/*********************************************************/
SET time_zone = '+7:00';


/*********************************************************/
/* USER + BIDDER */
/*********************************************************/
CALL RegisterBidder ('estrephan0', 'estrephan0@tiny.cc', '0BrEhhDcsG', 'Efren', 'Strephan', '39 Buhler Circle', '2021-04-15');
CALL RegisterBidder ('bcoronado1', 'bcoronado1@sciencedaily.com', 'm04E1lC', 'Beniamino', 'Coronado', '928 Beilfuss Street', '2021-11-05');
CALL RegisterBidder ('edrogan2', 'edrogan2@google.es', 'gDjn3W0TPbK', 'Elnar', 'Drogan', '6 Talisman Alley', '2021-07-27');
CALL RegisterBidder ('tgoding3', 'tgoding3@chicagotribune.com', 'mOiJgpkzo', 'Thorstein', 'Goding', '751 Northwestern Alley', '2021-06-16');
CALL RegisterBidder ('kknipe4', 'kknipe4@scribd.com', 'UpMt604gj1', 'Keith', 'Knipe', '36 Bay Street', '2021-04-25');
CALL RegisterBidder ('mcapineer5', 'mcapineer5@msn.com', '1rmPpTXR', 'Marshal', 'Capineer', '6 Raven Trail', '2021-03-19');
CALL RegisterBidder ('tblow6', 'tblow6@people.com.cn', 'yWwdY3Dg', 'Truman', 'Blow', '21971 Center Trail', '2021-12-31');
CALL RegisterBidder ('credhouse7', 'credhouse7@com.com', '8uWP5q', 'Clint', 'Redhouse', '0 Bobwhite Street', '2021-11-03');
CALL RegisterBidder ('ahazeltine8', 'ahazeltine8@google.co.uk', '9kybKo188Yh2', 'Antony', 'Hazeltine', '938 Old Shore Park', '2021-08-04');
CALL RegisterBidder ('sfeitosa9', 'sfeitosa9@cargocollective.com', 'j95GRJGctIHE', 'Smith', 'Feitosa', '9739 Elmside Point', '2021-08-30');
CALL RegisterBidder ('cbernholta', 'cbernholta@bloomberg.com', 'F81NqRrDzM', 'Curran', 'Bernholt', '3 Northview Avenue', '2021-03-18');
CALL RegisterBidder ('bcalderab', 'bcalderab@ed.gov', 'HxN2VgOYRuf', 'Bertie', 'Caldera', '980 Hallows Terrace', '2021-06-11');
CALL RegisterBidder ('heriec', 'heriec@vinaora.com', 'p1QxeG', 'Hervey', 'Erie', '97859 Hanover Park', '2021-02-24');
CALL RegisterBidder ('flepiscopiod', 'flepiscopiod@goo.ne.jp', 'XzszRy', 'Francklyn', 'L''Episcopio', '1828 Starling Alley', '2021-06-27');
CALL RegisterBidder ('mdarnodye', 'mdarnodye@webeden.co.uk', 'gZZRK2RjYbq3', 'Myrwyn', 'Darnody', '6 Di Loreto Junction', '2021-12-28');
CALL RegisterBidder ('hastupenasf', 'hastupenasf@csmonitor.com', 'bTb9T2Dvcu', 'Hadlee', 'Astupenas', '2180 Vera Alley', '2021-12-10');
CALL RegisterBidder ('wfawlog', 'wfawlog@digg.com', 'OBEd3GvRd', 'Way', 'Fawlo', '08 Buena Vista Center', '2021-07-09');
CALL RegisterBidder ('cstranierih', 'cstranierih@guardian.co.uk', 's70yncx', 'Curtice', 'Stranieri', '26807 Buena Vista Avenue', '2021-05-28');
CALL RegisterBidder ('kpapierzi', 'kpapierzi@com.com', '7jBtqCiIbJ07', 'Keenan', 'Papierz', '9687 Stone Corner Place', '2021-05-24');
CALL RegisterBidder ('ktrowerj', 'ktrowerj@senate.gov', 'cW0bWvCeyE2', 'Koenraad', 'Trower', '503 Mariners Cove Point', '2021-11-09');
CALL RegisterBidder ('rmacknockiterk', 'rmacknockiterk@yahoo.co.jp', 'DczTA97Hg', 'Rawley', 'MacKnockiter', '3 American Ash Court', '2021-05-29');
CALL RegisterBidder ('esteanel', 'esteanel@sfgate.com', 'g8OuwM', 'Emery', 'Steane', '93 Merrick Place', '2021-03-08');
CALL RegisterBidder ('odaytonm', 'odaytonm@biblegateway.com', 'IXsUBMXYU6', 'Odo', 'Dayton', '306 Dapin Lane', '2021-03-09');
CALL RegisterBidder ('bbreslaun', 'bbreslaun@accuweather.com', 'J7dTMo', 'Bartlett', 'Breslau', '00 Forest Street', '2021-09-12');
CALL RegisterBidder ('wsawleo', 'wsawleo@topsy.com', 'DKud0Kon', 'Wye', 'Sawle', '212 Oriole Road', '2021-10-15');
CALL RegisterBidder ('hscoldingp', 'hscoldingp@bloglines.com', 'Ux4eTWge', 'Harvey', 'Scolding', '14975 Elka Road', '2021-07-22');
CALL RegisterBidder ('blordenq', 'blordenq@usnews.com', 'PCkGLt', 'Brendon', 'Lorden', '0 Harper Terrace', '2021-09-27');
CALL RegisterBidder ('cfrowenr', 'cfrowenr@unblog.fr', 'RVZCID1MeoW', 'Cobby', 'Frowen', '207 Sloan Drive', '2021-07-04');
CALL RegisterBidder ('adafferns', 'adafferns@example.com', '2DuSAhB', 'Allie', 'Daffern', '719 Shopko Plaza', '2021-09-10');
CALL RegisterBidder ('osealeyt', 'osealeyt@gov.uk', 'vJr6uxkZmb', 'Oswald', 'Sealey', '2 Moland Pass', '2021-02-01');
CALL RegisterBidder ('vcrosonu', 'vcrosonu@hhs.gov', 'uESR0GJ', 'Vince', 'Croson', '6 Spenser Drive', '2021-05-21');
CALL RegisterBidder ('gcrabtreev', 'gcrabtreev@reuters.com', 'tplcw0HBg', 'Garreth', 'Crabtree', '14888 Thierer Avenue', '2021-03-25');
CALL RegisterBidder ('lrupertow', 'lrupertow@constantcontact.com', 'RZBlDS8Ama3', 'Lane', 'Ruperto', '0 Toban Street', '2021-10-29');
CALL RegisterBidder ('bjohnx', 'bjohnx@google.fr', 'OUffWd9b', 'Bary', 'John', '8 Russell Court', '2021-07-25');
CALL RegisterBidder ('dluxfordy', 'dluxfordy@furl.net', 'XoPbXTJh', 'Darb', 'Luxford', '7 Bluejay Lane', '2021-07-20');
CALL RegisterBidder ('vplatfootz', 'vplatfootz@tinyurl.com', 'gU4KJGs346', 'Victoir', 'Platfoot', '91687 Charing Cross Avenue', '2021-11-29');
CALL RegisterBidder ('ditzcak10', 'ditzcak10@sakura.ne.jp', 'B7f3pXVrVPm', 'Darrin', 'Itzcak', '6743 Mariners Cove Drive', '2021-09-24');
CALL RegisterBidder ('letock11', 'letock11@rakuten.co.jp', 'Lfe07kkKcSm', 'Lane', 'Etock', '65826 Shopko Alley', '2021-10-31');
CALL RegisterBidder ('gcurteis12', 'gcurteis12@pagesperso-orange.fr', 'qLz9AhNE', 'Garrek', 'Curteis', '3257 Forest Place', '2021-10-07');
CALL RegisterBidder ('rresun13', 'rresun13@paypal.com', 'VdByRc4', 'Reade', 'Resun', '48 John Wall Street', '2021-07-20');
CALL RegisterBidder ('dduckhouse14', 'dduckhouse14@dion.ne.jp', 'SE8NzN8Htn1', 'Davidson', 'Duckhouse', '2072 Pierstorff Way', '2021-11-30');
CALL RegisterBidder ('gfernandez15', 'gfernandez15@dropbox.com', 'ecd1KVeom', 'Gunter', 'Fernandez', '1 Muir Center', '2021-11-07');
CALL RegisterBidder ('pmaypowder16', 'pmaypowder16@mtv.com', 'iXqTVtmih', 'Porty', 'Maypowder', '0 Moland Park', '2021-03-13');
CALL RegisterBidder ('elippingwell17', 'elippingwell17@freewebs.com', 'XNJQOzBdZoK', 'Evelyn', 'Lippingwell', '2511 Columbus Hill', '2021-04-23');
CALL RegisterBidder ('nstollenbecker18', 'nstollenbecker18@webeden.co.uk', 'a33hwAYFBT1X', 'Nevins', 'Stollenbecker', '47071 Warrior Plaza', '2021-08-13');
CALL RegisterBidder ('drotham19', 'drotham19@msn.com', 'W9Ssfd', 'Darrin', 'Rotham', '36 Tomscot Parkway', '2021-02-28');
CALL RegisterBidder ('nyakunkin1a', 'nyakunkin1a@earthlink.net', 'upA2aa5ao5OL', 'Nicol', 'Yakunkin', '68 American Ash Way', '2021-07-06');
CALL RegisterBidder ('vhallbird1b', 'vhallbird1b@naver.com', 'LvSODXtLX', 'Verney', 'Hallbird', '0684 New Castle Lane', '2021-10-26');
CALL RegisterBidder ('hsollom1c', 'hsollom1c@dedecms.com', 'uxAfMHb2d', 'Haley', 'Sollom', '30938 Mallory Drive', '2021-12-09');
CALL RegisterBidder ('nvodden1d', 'nvodden1d@nifty.com', 'Tbj8W33', 'Norby', 'Vodden', '38368 Delladonna Place', '2021-12-11');
CALL RegisterBidder ('adinneen1e', 'adinneen1e@google.es', 'EErO7GGq', 'Alwin', 'Dinneen', '0 Cambridge Crossing', '2021-02-07');
CALL RegisterBidder ('schasmoor1f', 'schasmoor1f@1688.com', 'snC314E12MRR', 'Shay', 'Chasmoor', '19 John Wall Court', '2021-09-21');
CALL RegisterBidder ('pyakubovich1g', 'pyakubovich1g@qq.com', 'Q7frnBUp', 'Pren', 'Yakubovich', '93284 Farragut Court', '2021-05-07');
CALL RegisterBidder ('vbraddock1h', 'vbraddock1h@constantcontact.com', 'SZllsiisXst9', 'Vick', 'Braddock', '249 Stephen Circle', '2021-11-13');
CALL RegisterBidder ('fwinton1i', 'fwinton1i@ucla.edu', 'UoJpCBcp71i', 'Finn', 'Winton', '0 Upham Trail', '2021-09-03');
CALL RegisterBidder ('ckurth1j', 'ckurth1j@springer.com', 'O5eXKP', 'Cyrill', 'Kurth', '51870 Duke Trail', '2021-04-05');
CALL RegisterBidder ('lalessandretti1k', 'lalessandretti1k@barnesandnoble.com', 'VXbkVDKU', 'Lucas', 'Alessandretti', '6187 Ramsey Pass', '2021-04-24');
CALL RegisterBidder ('djanu1l', 'djanu1l@rakuten.co.jp', '87Va39z6f7L', 'Dill', 'Janu', '66842 Hanson Way', '2021-09-08');
CALL RegisterBidder ('mscarasbrick1m', 'mscarasbrick1m@weibo.com', 'oP70dvb37eUK', 'Morris', 'Scarasbrick', '19 Express Junction', '2021-05-12');
CALL RegisterBidder ('jtoovey1n', 'jtoovey1n@twitter.com', 'C28cTati36', 'Janek', 'Toovey', '155 Schmedeman Plaza', '2021-11-05');
CALL RegisterBidder ('dcobbin1o', 'dcobbin1o@privacy.gov.au', 'togmWWa', 'Daryle', 'Cobbin', '1771 Butternut Junction', '2021-04-22');
CALL RegisterBidder ('fangerstein1p', 'fangerstein1p@newyorker.com', '53B3QX', 'Felipe', 'Angerstein', '36424 Grover Place', '2021-06-06');
CALL RegisterBidder ('jmalarkey1q', 'jmalarkey1q@123-reg.co.uk', '7bX7kukMJ0', 'Josiah', 'Malarkey', '888 Jackson Road', '2021-07-14');
CALL RegisterBidder ('jstoodale1r', 'jstoodale1r@oaic.gov.au', '7BDAlj18ykq', 'Job', 'Stoodale', '2 Morning Trail', '2021-12-29');
CALL RegisterBidder ('mkupper1s', 'mkupper1s@virginia.edu', '7vuMwrek', 'Maxie', 'Kupper', '9839 Jenna Hill', '2021-05-24');
CALL RegisterBidder ('jburtwell1t', 'jburtwell1t@surveymonkey.com', 'dkEe4sf2', 'Jose', 'Burtwell', '317 Fairview Junction', '2021-08-22');
CALL RegisterBidder ('bpavia1u', 'bpavia1u@51.la', '2K9KPc4', 'Bennie', 'Pavia', '14 Fieldstone Terrace', '2021-07-04');
CALL RegisterBidder ('gstiffkins1v', 'gstiffkins1v@t-online.de', 'AdGhmyrf', 'Gregg', 'Stiffkins', '5 Veith Plaza', '2021-09-08');
CALL RegisterBidder ('beves1w', 'beves1w@topsy.com', 'ckZ4MBs09', 'Benson', 'Eves', '568 Mcguire Street', '2021-12-02');
CALL RegisterBidder ('galdis1x', 'galdis1x@people.com.cn', 'IInl0L2aaZpf', 'Gardener', 'Aldis', '52640 Main Terrace', '2021-03-08');
CALL RegisterBidder ('kmccaskell1y', 'kmccaskell1y@mysql.com', 'R830VG1', 'Keven', 'McCaskell', '2353 Buell Park', '2021-02-19');
CALL RegisterBidder ('htollmache1z', 'htollmache1z@howstuffworks.com', '3icVxk', 'Huey', 'Tollmache', '9 Tomscot Terrace', '2021-07-13');
CALL RegisterBidder ('blinguard20', 'blinguard20@t.co', 'qNwYkAMq', 'Bourke', 'Linguard', '394 Corscot Hill', '2021-11-22');
CALL RegisterBidder ('fhawtry21', 'fhawtry21@loc.gov', '5kyA5xk', 'Flinn', 'Hawtry', '151 Dennis Place', '2021-03-15');
CALL RegisterBidder ('jleaf22', 'jleaf22@wikimedia.org', '05ymkR', 'Jeffie', 'Leaf', '83366 Sunbrook Avenue', '2021-03-26');
CALL RegisterBidder ('ctomblings23', 'ctomblings23@xrea.com', 'U04aZOCtvDWG', 'Charles', 'Tomblings', '119 Melody Pass', '2021-10-03');
CALL RegisterBidder ('njouannot24', 'njouannot24@gov.uk', '7zXml78hYif', 'Nichole', 'Jouannot', '5 Meadow Valley Trail', '2021-07-08');
CALL RegisterBidder ('eramey25', 'eramey25@tmall.com', '29pNG8X', 'Emmet', 'Ramey', '3893 Northland Drive', '2021-08-27');
CALL RegisterBidder ('rpammenter26', 'rpammenter26@quantcast.com', 'IvEnF8', 'Riley', 'Pammenter', '02 Hovde Trail', '2021-03-16');
CALL RegisterBidder ('lferriby27', 'lferriby27@twitpic.com', 'MCNT9Up4', 'Ludvig', 'Ferriby', '235 Summer Ridge Alley', '2021-02-03');
CALL RegisterBidder ('jbirchill28', 'jbirchill28@friendfeed.com', 'U4S8TOB', 'Jan', 'Birchill', '4 International Terrace', '2021-10-30');
CALL RegisterBidder ('ucecely29', 'ucecely29@slate.com', '2ZPSDJD3dp', 'Udall', 'Cecely', '8 Summerview Alley', '2021-10-06');
CALL RegisterBidder ('fslaney2a', 'fslaney2a@nyu.edu', 'C9TKy8', 'Filmer', 'Slaney', '6601 7th Plaza', '2021-07-27');
CALL RegisterBidder ('mwitt2b', 'mwitt2b@icio.us', 'TmZNx1', 'Myrwyn', 'Witt', '9 Meadow Vale Way', '2021-02-11');
CALL RegisterBidder ('vhallgalley2c', 'vhallgalley2c@people.com.cn', 'Cde2ObFl', 'Vergil', 'Hallgalley', '419 Surrey Lane', '2021-04-19');
CALL RegisterBidder ('cnegro2d', 'cnegro2d@discovery.com', 'nRtpiudfW86', 'Chas', 'Negro', '18910 Schmedeman Terrace', '2021-07-09');
CALL RegisterBidder ('wvanyakin2e', 'wvanyakin2e@bbc.co.uk', 'rc5qfc1fUt', 'Welbie', 'Vanyakin', '3001 Mitchell Plaza', '2021-04-24');
CALL RegisterBidder ('coldred2f', 'coldred2f@earthlink.net', 'a9iu7baXgf', 'Carce', 'Oldred', '94 Boyd Court', '2021-03-02');
CALL RegisterBidder ('ggianettini2g', 'ggianettini2g@soup.io', 'XIUSJ1Dx2', 'Granville', 'Gianettini', '833 Melrose Alley', '2021-04-05');
CALL RegisterBidder ('lshambroke2h', 'lshambroke2h@yahoo.co.jp', 'rZji3Udosxor', 'Lamar', 'Shambroke', '15 Lakeland Lane', '2021-08-16');
CALL RegisterBidder ('ischistl2i', 'ischistl2i@newyorker.com', 'CQFhpf', 'Inglebert', 'Schistl', '3449 Debra Way', '2021-07-11');
CALL RegisterBidder ('asamett2j', 'asamett2j@oaic.gov.au', 'WdfgTB', 'Ambrosi', 'Samett', '96230 Moose Lane', '2021-06-21');
CALL RegisterBidder ('swardlaw2k', 'swardlaw2k@liveinternet.ru', 'Moc0DvqD', 'Spense', 'Wardlaw', '1 Hintze Road', '2021-11-26');
CALL RegisterBidder ('dcowgill2l', 'dcowgill2l@who.int', 'UtyIbWo2Rr', 'Denys', 'Cowgill', '68 Dennis Crossing', '2021-02-20');
CALL RegisterBidder ('tzuann2m', 'tzuann2m@nyu.edu', 'dIi2ZmGP', 'Tyson', 'Zuann', '7961 Eastlawn Center', '2021-07-30');
CALL RegisterBidder ('wkobierra2n', 'wkobierra2n@miibeian.gov.cn', 'ZoAbOwIxNr', 'Whittaker', 'Kobierra', '2778 Becker Court', '2021-12-21');
CALL RegisterBidder ('lsellan2o', 'lsellan2o@yandex.ru', 'bh9f8ciePA', 'Lodovico', 'Sellan', '3 Westport Pass', '2021-12-24');
CALL RegisterBidder ('eplacstone2p', 'eplacstone2p@noaa.gov', 'd4QCjNgU', 'Edward', 'Placstone', '4 Macpherson Place', '2021-07-09');
CALL RegisterBidder ('rspada2q', 'rspada2q@typepad.com', 'AhLtTC', 'Reinwald', 'Spada', '094 Havey Hill', '2021-12-05');
CALL RegisterBidder ('lohaire2r', 'lohaire2r@wikimedia.org', 'bYfJim', 'Leopold', 'O''Haire', '3196 Packers Terrace', '2021-11-22');

-- SELECT * FROM `User`;
-- SELECT * FROM `Bidder`;


/*********************************************************/
/* CHANGE_ROLE_LOG */
/*********************************************************/
INSERT INTO `ChangeRoleLog`(`bidderId`, `message`)
VALUES
    (1000051, 'Wanting to be a seller'),
    (1000052, 'Wanting to be a seller'),
    (1000053, 'Wanting to be a seller'),
    (1000054, 'Wanting to be a seller'),
    (1000055, 'Wanting to be a seller'),
    (1000056, 'Wanting to be a seller'),
    (1000057, 'Wanting to be a seller'),
    (1000058, 'Wanting to be a seller'),
    (1000059, 'Wanting to be a seller'),
    (1000060, 'Wanting to be a seller'),
    (1000061, 'Wanting to be a seller'),
    (1000062, 'Wanting to be a seller'),
    (1000063, 'Wanting to be a seller'),
    (1000064, 'Wanting to be a seller'),
    (1000065, 'Wanting to be a seller'),
    (1000066, 'Wanting to be a seller'),
    (1000067, 'Wanting to be a seller'),
    (1000068, 'Wanting to be a seller');


/*********************************************************/
/* SELLER: REQUEST FULLFIL, REQUEST REJECT, BIDDER DOESN'T WANT TO BECOME A SELLER */
/*********************************************************/
UPDATE `ChangeRoleLog` CRL SET CRL.`statusCode` = 200 WHERE CRL.`id` = 1000001;
UPDATE `ChangeRoleLog` CRL SET CRL.`statusCode` = 200 WHERE CRL.`id` = 1000002;
UPDATE `ChangeRoleLog` CRL SET CRL.`statusCode` = 200 WHERE CRL.`id` = 1000003;
UPDATE `ChangeRoleLog` CRL SET CRL.`statusCode` = 201 WHERE CRL.`id` = 1000004;
UPDATE `ChangeRoleLog` CRL SET CRL.`statusCode` = 201 WHERE CRL.`id` = 1000005;
UPDATE `ChangeRoleLog` CRL SET CRL.`statusCode` = 201 WHERE CRL.`id` = 1000006;
UPDATE `ChangeRoleLog` CRL SET CRL.`statusCode` = 201 WHERE CRL.`id` = 1000007;
UPDATE `ChangeRoleLog` CRL SET CRL.`statusCode` = 300 WHERE CRL.`id` = 1000008;
UPDATE `ChangeRoleLog` CRL SET CRL.`statusCode` = 300 WHERE CRL.`id` = 1000009;
-- SELECT * FROM `ChangeRoleLog`;
-- SELECT * FROM `Seller`;


/*********************************************************/
/* PRODUCT + BIDDED_PRODUCT + PRODUCT_IMAGE */
/*********************************************************/
INSERT INTO `Product`(`sellerId`, `name`, `description`, `reservedPrice`, `priceStep`, `instantPrice`, `isRenewal`, `coverImageUrl`, `timeExpired`)
VALUES
    (1000051, 'ASUS Laptop', 'Laptop suitable for gaming', 9500, 100, 5000, TRUE, 'https://cdn.tgdd.vn/Products/Images/44/247243/acer-nitro-gaming-an515-57-727j-i7-nhqd9sv005-10-600x600.jpg', '2021-12-31'),
    (1000052, 'ASUS Laptop', 'Laptop suitable for gaming', 3000, 100, 5000, FALSE, 'https://cdn.tgdd.vn/Products/Images/44/242201/msi-gf66-11uc-i7-224vn-600x600.jpg', '2021-12-31'),
    (1000052, 'ACER Laptop', 'Laptop suitable for gaming', 3500, 100, 5000, TRUE, 'https://cdn.tgdd.vn/Products/Images/44/251418/asus-rog-zephyrus-gaming-g14-ga401qec-r9-k2064t-17-600x600.jpg', '2021-12-31'),
    (1000052, 'ASUS Laptop', 'Laptop suitable for gaming', 4000, 100, 5000, FALSE, 'https://cdn.tgdd.vn/Products/Images/44/255561/lenovo-yoga-slim-7-14itl05-i5-82a300dpvn-021121-030538-600x600.jpg', '2021-12-31'),
    (1000053, 'MSI Laptop', 'Laptop suitable for gaming', 4000, 100, 5000, TRUE, 'https://cdn.tgdd.vn/Products/Images/44/250518/acer-aspire-7-gaming-a715-42g-r6zr-r5-5500u-8gb-600x600.jpg', '2021-12-31'),
    (1000053, 'DELL Laptop', 'Laptop suitable for gaming', 4600, 100, 5000, FALSE, 'https://cdn.tgdd.vn/Products/Images/44/239463/asus-tuf-gaming-fx516pe-i7-hn005t-600x600.jpg', '2021-12-31'),
    (1000052, 'HP Laptop', 'Laptop suitable for gaming', 4700, 100, 5000, FALSE, 'https://cdn.tgdd.vn/Products/Images/44/260171/dell-gaming-g15-5515-r5-p105f004dgr-291121-114930-600x600.jpg', '2021-12-31'),
    (1000053, 'ASUS Laptop', 'Laptop suitable for gaming', 4300, 100, 5000, TRUE, 'https://cdn.tgdd.vn/Products/Images/44/249151/msi-gaming-ge66-raider-11uh-i7-259vn-600x600.jpg', '2021-12-31'),
    (1000053, 'MACBOOK Laptop', 'Laptop not suitable for gaming', 4200, 100, 5000, FALSE, 'https://cdn.tgdd.vn/Products/Images/44/236426/hp-omen-15-ek0078tx-i7-26y68pa-600x600.jpg', '2021-12-31'),
    (1000052, 'MSI Laptop', 'Laptop suitable for gaming', 4100, 100, 5000, FALSE, 'https://cdn.tgdd.vn/Products/Images/44/236131/apple-macbook-pro-m1-2020-z11c000cj-600x600.jpg', '2021-12-31'),
    (1000053, 'ASUS Laptop', 'Laptop suitable for gaming', 4600, 100, 5000, TRUE, 'https://cdn.tgdd.vn/Products/Images/44/238135/lg-gram-17-i7-17z90pgah76a5-3-600x600.jpg', '2021-12-31'),
    (1000053, 'ACER Laptop', 'Laptop suitable for gaming', 1234, 100, 5000, FALSE, 'https://cdn.tgdd.vn/Products/Images/44/239233/lenovo-yoga-9-14itl5-i7-82bg006evn-21-600x600.jpg', '2021-12-31'),
    (1000052, 'DELL Laptop', 'Laptop suitable for gaming', 1237, 100, 5000, FALSE, 'https://cdn.tgdd.vn/Products/Images/44/259865/hp-zbook-firefly-14-g8-i7-275w0av-251121-045610-600x600.jpg', '2021-12-31'),
    (1000053, 'ASUS Laptop', 'Laptop suitable for gaming', 2324, 100, 5000, TRUE, 'https://cdn.tgdd.vn/Products/Images/44/264547/asus-zenbook-ux363ea-i7-1165g7-16gb-512gb-131221-115725-600x600.jpg', '2021-12-31'),
    (1000053, 'HP Laptop', 'Laptop suitable for gaming', 2546, 100, 5000, FALSE, 'https://cdn.tgdd.vn/Products/Images/44/249743/dell-inspiron-7400-i5-1135g7-16gb-512gb-600x600.jpg', '2021-12-31'),
    (1000052, 'MSI Laptop', 'Laptop suitable for gaming', 4235, 100, 5000, FALSE, 'https://cdn.tgdd.vn/Products/Images/44/251426/gigabyte-gaming-g5-i5-5s11130sh-191021-102800-600x600.jpg', '2021-12-31'),
    (1000053, 'DELL Laptop', 'Laptop suitable for gaming', 2345, 100, 5000, TRUE, 'https://cdn.tgdd.vn/Products/Images/44/265803/lenovo-yoga-slim-7-14itl05-i7-1165g7-8gb-512gb-600x600.jpg', '2021-12-31'),
    (1000053, 'ASUS Laptop', 'Laptop suitable for gaming', 6543, 100, 5000, FALSE, 'https://cdn.tgdd.vn/Products/Images/44/264354/dell-gaming-g15-5511-i5-70266676-600x600.jpg', '2021-12-31'),
    (1000052, 'ASUS Laptop', 'Laptop suitable for gaming', 6454, 100, 5000, FALSE, 'https://cdn.tgdd.vn/Products/Images/44/255562/lenovo-yoga-duet-7-13itl6-i5-82ma000pvn-021121-032719-600x600.jpg', '2021-12-31'),
    (1000053, 'ASUS Laptop', 'Laptop suitable for gaming', 5345, 100, 5000, TRUE, 'https://cdn.tgdd.vn/Products/Images/44/247313/acer-nitro-5-gaming-an515-57-50ft-i5-nhqd8sv003-600x600.jpg', '2021-12-31'),
    (1000053, 'Samsung Mobile', 'Mobile suitable for calling', 6345, 100, 5000, FALSE, 'https://cdn.tgdd.vn/Products/Images/42/226935/samsung-galaxy-z-fold-3-silver-1-600x600.jpg', '2021-12-31'),
    (1000052, 'Motorola Mobile', 'Mobile suitable for calling', 6785, 100, 5000, FALSE, 'https://cdn.tgdd.vn/Products/Images/42/153856/iphone-xi-do-600x600.jpg', '2021-12-31'),
    (1000052, 'Apple Mobile', 'Mobile suitable for calling', 7456, 100, 5000, TRUE, 'https://cdn.tgdd.vn/Products/Images/42/248293/xiaomi-11t-white-1-2-600x600.jpg', '2021-12-31'),
    (1000052, 'Microsoft Mobile', 'Mobile suitable for calling', 3443, 100, 5000, FALSE, 'https://cdn.tgdd.vn/Products/Images/42/234315/samsung-galaxy-a32-4g-thumb-den-600x600-600x600.jpg', '2021-12-31'),
    (1000053, 'Razer Mobile', 'Mobile suitable for calling', 3546, 100, 5000, TRUE, 'https://cdn.tgdd.vn/Products/Images/42/239747/oppo-reno6-z-5g-aurora-1-600x600.jpg', '2021-12-31'),
    (1000053, 'Apple Mobile', 'Mobile suitable for calling', 7566, 100, 5000, FALSE, 'https://cdn.tgdd.vn/Products/Images/42/245607/Vivo-V23e-1-2-600x600.jpg', '2021-12-31'),
    (1000052, 'Samsung Mobile', 'Mobile suitable for calling', 3223, 100, 5000, FALSE, 'https://cdn.tgdd.vn/Products/Images/42/230529/iphone-13-pro-max-silver-600x600.jpg', '2021-12-31'),
    (1000053, 'Oppo Mobile', 'Mobile suitable for calling', 6453, 100, 5000, TRUE, 'https://cdn.tgdd.vn/Products/Images/42/241265/realme-c21y-black-600x600.jpg', '2021-12-31'),
    (1000053, 'Xiaomi Mobile', 'Mobile suitable for calling', 4255, 100, 5000, FALSE, 'https://cdn.tgdd.vn/Products/Images/42/236431/vivo-y72-5g-blue-600x600.jpg', '2021-12-31'),
    (1000052, 'Apple Mobile', 'Mobile suitable for calling', 4235, 100, 5000, FALSE, 'https://cdn.tgdd.vn/Products/Images/42/228967/samsung-galaxy-a52-8gb-256gb-thumb-violet-600x600-600x600.jpg', '2021-12-31'),
    (1000053, 'Samsung Mobile', 'Mobile suitable for calling', 5346, 100, 5000, TRUE, 'https://cdn.tgdd.vn/Products/Images/42/213033/iphone-12-pro-max-xam-new-600x600-600x600.jpg', '2021-12-31'),
    (1000053, 'Apple Mobile', 'Mobile suitable for calling', 2323, 100, 5000, FALSE, 'https://cdn.tgdd.vn/Products/Images/42/230521/iphone-13-pro-sierra-blue-600x600.jpg', '2021-12-31'),
    (1000052, 'Oppo Mobile', 'Mobile suitable for calling', 5325, 100, 5000, FALSE, 'https://cdn.tgdd.vn/Products/Images/42/213032/iphone-12-pro-vang-dong-new-600x600-1-600x600.jpg', '2021-12-31'),
    (1000053, 'Xiaomi Mobile', 'Mobile suitable for calling', 5342, 100, 5000, TRUE, 'https://cdn.tgdd.vn/Products/Images/42/232190/oppo-find-x3-pro-black-001-1-600x600.jpg', '2021-12-31'),
    (1000053, 'Microsoft Mobile', 'Mobile suitable for calling', 5234, 100, 5000, FALSE, 'https://cdn.tgdd.vn/Products/Images/42/248218/xiaomi-11t-pro-blue-1-600x600.jpg', '2021-12-31'),
    (1000052, 'Motorola Mobile', 'Mobile suitable for calling', 5423, 100, 5000, FALSE, 'https://cdn.tgdd.vn/Products/Images/42/190325/iphone-xr-hopmoi-den-600x600-2-600x600.jpg', '2021-12-31'),
    (1000053, 'Nokia Mobile', 'Mobile suitable for calling', 5342, 100, 5000, TRUE, 'https://cdn.tgdd.vn/Products/Images/42/251216/xiaomi-11t-grey-1-600x600.jpg', '2021-12-31'),
    (1000053, 'Apple Mobile', 'Mobile suitable for calling', 7565, 100, 5000, FALSE, 'https://cdn.tgdd.vn/Products/Images/42/233460/oppo-reno5-5g-thumb-600x600.jpg', '2021-12-31'),
    (1000052, 'Samsung Mobile', 'Mobile suitable for calling', 9786, 100, 5000, FALSE, 'https://cdn.tgdd.vn/Products/Images/42/223497/oppo-reno4-pro-trang-600x600.jpg', '2021-12-31'),
    (1000053, 'Apple Mobile', 'Mobile suitable for calling', 3546, 100, 5000, TRUE, 'https://cdn.tgdd.vn/Products/Images/42/236024/oppo-reno5-marvel-thumb-600x600-600x600.jpg', '2021-12-31'),
    (1000053, 'Canon Camera', 'Camera suitable for photographer', 6253, 100, 5000, FALSE, 'https://cdn.nguyenkimmall.com/images/thumbnails/180/180/detailed/624/10044646-may-anh-canon-eos-m200-ef-m-15-45mm-den-1.jpg', '2021-12-31'),
    (1000052, 'Sony Camera', 'Camera suitable for photographer', 7565, 100, 5000, FALSE, 'https://cdn.nguyenkimmall.com/images/thumbnails/180/180/detailed/624/10044647-may-anh-canon-eos-m200-ef-m-15-45mm-trang-1.jpg', '2021-12-31'),
    (1000052, 'GoPro Camera', 'Camera suitable for photographer', 5645, 100, 5000, TRUE, 'https://cdn.nguyenkimmall.com/images/thumbnails/180/180/detailed/624/10044644-may-anh-canon-eos-200d-ii-kit-18-55mm-den-1.jpg', '2021-12-31'),
    (1000052, 'Sony Camera', 'Camera suitable for photographer', 3443, 100, 5000, FALSE, 'https://cdn.nguyenkimmall.com/images/thumbnails/180/180/detailed/624/10044644-may-anh-canon-eos-200d-ii-kit-18-55mm-den-1.jpg', '2021-12-31'),
    (1000053, 'Canon Camera', 'Camera suitable for photographer', 6342, 100, 5000, TRUE, 'https://binhminhdigital.com/Thumb/images/product/canon-3000d(1).jpg', '2021-12-31'),
    (1000053, 'Nikon Camera', 'Camera suitable for photographer', 3453, 100, 5000, FALSE, 'https://binhminhdigital.com/Thumb/images/product/nikon-coolpix-w300-vang.jpg', '2021-12-31'),
    (1000052, 'Sony Camera', 'Camera suitable for photographer', 3453, 100, 5000, FALSE, 'https://binhminhdigital.com/Thumb/images/product/may-anh-sony-alpha-a6600-kit-18-135mm-oss-den.jpg', '2021-12-31'),
    (1000053, 'Canon Camera', 'Camera suitable for photographer', 2334, 100, 5000, TRUE, 'https://binhminhdigital.com/Thumb/images/product/may-anh-sony-alpha-a6400-ilce6400m-kit-18135mm.jpg', '2021-12-31'),
    (1000053, 'Sony Camera', 'Camera suitable for photographer', 2113, 100, 5000, FALSE, 'https://binhminhdigital.com/Thumb/images/product/may-anh-nikon-d3500-kit-afp-1855-vr.jpg', '2021-12-31'),
    (1000052, 'GoPro Camera', 'Camera suitable for photographer', 4234, 100, 5000, FALSE, 'https://binhminhdigital.com/Thumb/images/product/may-anh-chong-nuoc-ricoh-wg-70.jpg', '2021-12-31'),
    (1000053, 'Canon Camera', 'Camera suitable for photographer', 2341, 100, 5000, TRUE, 'https://binhminhdigital.com/Thumb/images/product/camera/sony/a7rm3a/may-anh-sony-alpha-a7rm3a-body.jpg', '2021-12-31'),
    (1000053, 'Sony Camera', 'Camera suitable for photographer', 4235, 100, 5000, FALSE, 'https://binhminhdigital.com/Thumb/images/product/camera/sony/a1/may-anh-sony-alpha-a1.jpg', '2021-12-31'),
    (1000052, 'Apple Camera', 'Camera suitable for photographer', 2345, 100, 5000, FALSE, 'https://binhminhdigital.com/Thumb/images/product/camera/sony/a7c/sony-a7c-silver-lens.jpg', '2021-12-31'),
    (1000053, 'Samsung Camera', 'Camera suitable for photographer', 5433, 100, 5000, TRUE, 'https://binhminhdigital.com/Thumb/images/product/may-anh-sony-alpha-a7c-body.jpg', '2021-12-31'),
    (1000053, 'Sony Camera', 'Camera suitable for photographer', 2534, 100, 5000, FALSE, 'https://binhminhdigital.com/Thumb/images/product/may-anh-sony-alpha-a7s-mark-iii(2).jpg', '2021-12-31'),
    (1000052, 'Canon Camera', 'Camera suitable for photographer', 2435, 100, 5000, FALSE, 'https://binhminhdigital.com/Thumb/images/product/may-anh-sony-cyber-shot-dsc-rx100-vii.jpg', '2021-12-31'),
    (1000053, 'Apple Camera', 'Camera suitable for photographer', 1234, 100, 5000, TRUE, 'https://binhminhdigital.com/Thumb/images/product/may-anh-canon-eos-rp-ong-kinh-canon-rf-24105mm-f4-l-is-usm.jpg', '2021-12-31'),
    (1000053, 'Nikin Camera', 'Camera suitable for photographer', 4123, 100, 5000, FALSE, 'https://binhminhdigital.com/Thumb/images/product/camera/canon/m50ii/may-anh-canon-eos-m50-ii-kit-efm1545mm-white.jpg', '2021-12-31'),
    (1000052, 'Casio Camera', 'Camera suitable for photographer', 2435, 100, 5000, FALSE, 'https://binhminhdigital.com/Thumb/images/product/may-anh-canon-eos-m200-kit-ef-m-15-45mm-is-stm-trang.jpg', '2021-12-31'),
    (1000053, 'Sony Camera', 'Camera suitable for photographer', 5234, 100, 5000, TRUE, 'https://binhminhdigital.com/Thumb/images/product/may-anh-canon-eos-m200-body-den(2).jpg', '2021-12-31'),
    (1000053, 'Pink Dress', 'Dress suitable for beauty', 2352, 100, 5000, FALSE, 'https://assets.vogue.com/photos/5f341f6f4721c86585cbb800/master/pass/fullsizeoutput_6bcd_1_1080x.jpg', '2021-12-31'),
    (1000052, 'Red Dress', 'Dress suitable for beauty', 2345, 100, 5000, FALSE, 'https://assets.vogue.com/photos/5f341f6f4721c86585cbb800/master/pass/fullsizeoutput_6bcd_1_1080x.jpg', '2021-12-31'),
    (1000052, 'Green Dress', 'Dress suitable for beauty', 1234, 100, 5000, TRUE, 'https://assets.vogue.com/photos/5f341f6f4721c86585cbb800/master/pass/fullsizeoutput_6bcd_1_1080x.jpg', '2021-12-31'),
    (1000052, 'Blue Dress', 'Dress suitable for beauty', 4231, 100, 5000, FALSE, 'https://assets.vogue.com/photos/5f341f6f4721c86585cbb800/master/pass/fullsizeoutput_6bcd_1_1080x.jpg', '2021-12-31'),
    (1000053, 'Brown Dress', 'Dress suitable for beauty', 5433, 100, 5000, TRUE, 'https://assets.vogue.com/photos/5f341f6f4721c86585cbb800/master/pass/fullsizeoutput_6bcd_1_1080x.jpg', '2021-12-31'),
    (1000053, 'Purple Dress', 'Dress suitable for beauty', 4523, 100, 5000, FALSE, 'https://assets.vogue.com/photos/5f341f6f4721c86585cbb800/master/pass/fullsizeoutput_6bcd_1_1080x.jpg', '2021-12-31'),
    (1000052, 'Black Dress', 'Dress suitable for beauty', 4234, 100, 5000, FALSE, 'https://assets.vogue.com/photos/5f341f6f4721c86585cbb800/master/pass/fullsizeoutput_6bcd_1_1080x.jpg', '2021-12-31'),
    (1000053, 'Yellow Dress', 'Dress suitable for beauty', 4235, 100, 5000, TRUE, 'https://assets.vogue.com/photos/5f341f6f4721c86585cbb800/master/pass/fullsizeoutput_6bcd_1_1080x.jpg', '2021-12-31'),
    (1000053, 'White Dress', 'Dress suitable for beauty', 5345, 100, 5000, FALSE, 'https://assets.vogue.com/photos/5f341f6f4721c86585cbb800/master/pass/fullsizeoutput_6bcd_1_1080x.jpg', '2021-12-31'),
    (1000052, 'Pink Dress', 'Dress suitable for beauty', 5634, 100, 5000, FALSE, 'https://assets.vogue.com/photos/5f341f6f4721c86585cbb800/master/pass/fullsizeoutput_6bcd_1_1080x.jpg', '2021-12-31'),
    (1000053, 'Blue Dress', 'Dress suitable for beauty', 3453, 100, 5000, TRUE, 'https://assets.vogue.com/photos/5f341f6f4721c86585cbb800/master/pass/fullsizeoutput_6bcd_1_1080x.jpg', '2021-12-31'),
    (1000053, 'Oragne Dress', 'Dress suitable for beauty', 3456, 100, 5000, FALSE, 'https://assets.vogue.com/photos/5f341f6f4721c86585cbb800/master/pass/fullsizeoutput_6bcd_1_1080x.jpg', '2021-12-31'),
    (1000052, 'Black Dress', 'Dress suitable for beauty', 4564, 100, 5000, FALSE, 'https://assets.vogue.com/photos/5f341f6f4721c86585cbb800/master/pass/fullsizeoutput_6bcd_1_1080x.jpg', '2021-12-31'),
    (1000053, 'Pink Dress', 'Dress suitable for beauty', 3453, 100, 5000, TRUE, 'https://assets.vogue.com/photos/5f341f6f4721c86585cbb800/master/pass/fullsizeoutput_6bcd_1_1080x.jpg', '2021-12-31'),
    (1000053, 'Blue Dress', 'Dress suitable for beauty', 3546, 100, 5000, FALSE, 'https://assets.vogue.com/photos/5f341f6f4721c86585cbb800/master/pass/fullsizeoutput_6bcd_1_1080x.jpg', '2021-12-31'),
    (1000052, 'White Dress', 'Dress suitable for beauty', 3452, 100, 5000, FALSE, 'https://assets.vogue.com/photos/5f341f6f4721c86585cbb800/master/pass/fullsizeoutput_6bcd_1_1080x.jpg', '2021-12-31'),
    (1000053, 'Red Dress', 'Dress suitable for beauty', 5345, 100, 5000, TRUE, 'https://assets.vogue.com/photos/5f341f6f4721c86585cbb800/master/pass/fullsizeoutput_6bcd_1_1080x.jpg', '2021-12-31'),
    (1000053, 'Pink Dress', 'Dress suitable for beauty', 3445, 100, 5000, FALSE, 'https://assets.vogue.com/photos/5f341f6f4721c86585cbb800/master/pass/fullsizeoutput_6bcd_1_1080x.jpg', '2021-12-31'),
    (1000052, 'Blue Dress', 'Dress suitable for beauty', 5643, 100, 5000, FALSE, 'https://assets.vogue.com/photos/5f341f6f4721c86585cbb800/master/pass/fullsizeoutput_6bcd_1_1080x.jpg', '2021-12-31'),
    (1000053, 'Green Dress', 'Dress suitable for beauty', 4534, 100, 5000, TRUE, 'https://assets.vogue.com/photos/5f341f6f4721c86585cbb800/master/pass/fullsizeoutput_6bcd_1_1080x.jpg', '2021-12-31'),
    (1000053, 'Red Boot', 'Boot suitable for beauty', 4564, 100, 5000, FALSE, 'https://assets.vogue.com/photos/5f341f6f4721c86585cbb800/master/pass/fullsizeoutput_6bcd_1_1080x.jpg', '2021-12-31'),
    (1000052, 'Green Boot', 'Boot suitable for beauty', 4564, 100, 5000, FALSE, 'https://assets.vogue.com/photos/5f341f6f4721c86585cbb800/master/pass/fullsizeoutput_6bcd_1_1080x.jpg', '2021-12-31'),
    (1000052, 'Blue Boot', 'Boot suitable for beauty', 6745, 100, 5000, TRUE, 'https://assets.vogue.com/photos/5f341f6f4721c86585cbb800/master/pass/fullsizeoutput_6bcd_1_1080x.jpg', '2021-12-31'),
    (1000052, 'Brown Boot', 'Boot suitable for beauty', 5443, 100, 5000, FALSE, 'https://assets.vogue.com/photos/5f341f6f4721c86585cbb800/master/pass/fullsizeoutput_6bcd_1_1080x.jpg', '2021-12-31'),
    (1000053, 'Black Boot', 'Boot suitable for beauty', 3455, 100, 5000, TRUE, 'https://assets.vogue.com/photos/5f341f6f4721c86585cbb800/master/pass/fullsizeoutput_6bcd_1_1080x.jpg', '2021-12-31'),
    (1000053, 'Brown Boot', 'Boot suitable for beauty', 2345, 100, 5000, FALSE, 'https://assets.vogue.com/photos/5f341f6f4721c86585cbb800/master/pass/fullsizeoutput_6bcd_1_1080x.jpg', '2021-12-31'),
    (1000052, 'Blue Boot', 'Boot suitable for beauty', 5343, 100, 5000, FALSE, 'https://assets.vogue.com/photos/5f341f6f4721c86585cbb800/master/pass/fullsizeoutput_6bcd_1_1080x.jpg', '2021-12-31'),
    (1000053, 'White Boot', 'Boot suitable for beauty', 5343, 100, 5000, TRUE, 'https://assets.vogue.com/photos/5f341f6f4721c86585cbb800/master/pass/fullsizeoutput_6bcd_1_1080x.jpg', '2021-12-31'),
    (1000053, 'Yellow Boot', 'Boot suitable for beauty', 3453, 100, 5000, FALSE, 'https://assets.vogue.com/photos/5f341f6f4721c86585cbb800/master/pass/fullsizeoutput_6bcd_1_1080x.jpg', '2021-12-31'),
    (1000052, 'Blue Boot', 'Boot suitable for beauty', 3454, 100, 5000, FALSE, 'https://assets.vogue.com/photos/5f341f6f4721c86585cbb800/master/pass/fullsizeoutput_6bcd_1_1080x.jpg', '2021-12-31'),
    (1000053, 'Green Boot', 'Boot suitable for beauty', 3463, 100, 5000, TRUE, 'https://assets.vogue.com/photos/5f341f6f4721c86585cbb800/master/pass/fullsizeoutput_6bcd_1_1080x.jpg', '2021-12-31'),
    (1000053, 'Brown Boot', 'Boot suitable for beauty', 3456, 100, 5000, FALSE, 'https://assets.vogue.com/photos/5f341f6f4721c86585cbb800/master/pass/fullsizeoutput_6bcd_1_1080x.jpg', '2021-12-31'),
    (1000052, 'Red Boot', 'Boot suitable for beauty', 6534, 100, 5000, FALSE, 'https://assets.vogue.com/photos/5f341f6f4721c86585cbb800/master/pass/fullsizeoutput_6bcd_1_1080x.jpg', '2021-12-31'),
    (1000053, 'Blue Boot', 'Boot suitable for beauty', 5634, 100, 5000, TRUE, 'https://assets.vogue.com/photos/5f341f6f4721c86585cbb800/master/pass/fullsizeoutput_6bcd_1_1080x.jpg', '2021-12-31'),
    (1000053, 'Green Boot', 'Boot suitable for beauty', 4536, 100, 5000, FALSE, 'https://assets.vogue.com/photos/5f341f6f4721c86585cbb800/master/pass/fullsizeoutput_6bcd_1_1080x.jpg', '2021-12-31'),
    (1000052, 'Blue Boot', 'Boot suitable for beauty', 3453, 100, 5000, FALSE, 'https://assets.vogue.com/photos/5f341f6f4721c86585cbb800/master/pass/fullsizeoutput_6bcd_1_1080x.jpg', '2021-12-31'),
    (1000053, 'Yellow Boot', 'Boot suitable for beauty', 5345, 100, 5000, TRUE, 'https://assets.vogue.com/photos/5f341f6f4721c86585cbb800/master/pass/fullsizeoutput_6bcd_1_1080x.jpg', '2021-12-31'),
    (1000053, 'Pink Boot', 'Boot suitable for beauty', 2334, 100, 5000, FALSE, 'https://assets.vogue.com/photos/5f341f6f4721c86585cbb800/master/pass/fullsizeoutput_6bcd_1_1080x.jpg', '2021-12-31'),
    (1000052, 'Orange Boot', 'Boot suitable for beauty', 2222, 100, 5000, FALSE, 'https://assets.vogue.com/photos/5f341f6f4721c86585cbb800/master/pass/fullsizeoutput_6bcd_1_1080x.jpg', '2021-12-31'),
    (1000053, 'Black Boot', 'Boot suitable for beauty', 4444, 100, 5000, TRUE, 'https://assets.vogue.com/photos/5f341f6f4721c86585cbb800/master/pass/fullsizeoutput_6bcd_1_1080x.jpg', '2021-12-31'),
    (1000053, 'White Pant', 'Pant suitable for beauty', 5555, 100, 5000, FALSE, 'https://assets.adidas.com/images/w_600,f_auto,q_auto/c59f59615af743de861eac310156ae2b_9366/PANT_DJen_GU0813_21_model.jpg', '2021-12-31'),
    (1000052, 'Red Pant', 'Pant suitable for beauty', 6666, 100, 5000, FALSE, 'https://assets.adidas.com/images/w_600,f_auto,q_auto/c59f59615af743de861eac310156ae2b_9366/PANT_DJen_GU0813_21_model.jpg', '2021-12-31'),
    (1000052, 'Green Pant', 'Pant suitable for beauty', 1211, 100, 5000, TRUE, 'https://assets.adidas.com/images/w_600,f_auto,q_auto/c59f59615af743de861eac310156ae2b_9366/PANT_DJen_GU0813_21_model.jpg', '2021-12-31'),
    (1000052, 'Blue Pant', 'Pant suitable for beauty', 2222, 100, 5000, FALSE, 'https://assets.adidas.com/images/w_600,f_auto,q_auto/c59f59615af743de861eac310156ae2b_9366/PANT_DJen_GU0813_21_model.jpg', '2021-12-31'),
    (1000053, 'Black Pant', 'Pant suitable for beauty', 3434, 100, 5000, TRUE, 'https://assets.adidas.com/images/w_600,f_auto,q_auto/c59f59615af743de861eac310156ae2b_9366/PANT_DJen_GU0813_21_model.jpg', '2021-12-31'),
    (1000053, 'Pink Pant', 'Pant suitable for beauty', 3232, 100, 5000, FALSE, 'https://assets.adidas.com/images/w_600,f_auto,q_auto/c59f59615af743de861eac310156ae2b_9366/PANT_DJen_GU0813_21_model.jpg', '2021-12-31'),
    (1000052, 'Yellow Pant', 'Pant suitable for beauty', 4343, 100, 5000, FALSE, 'https://assets.adidas.com/images/w_600,f_auto,q_auto/c59f59615af743de861eac310156ae2b_9366/PANT_DJen_GU0813_21_model.jpg', '2021-12-31'),
    (1000053, 'White Pant', 'Pant suitable for beauty', 5454, 100, 5000, TRUE, 'https://assets.adidas.com/images/w_600,f_auto,q_auto/c59f59615af743de861eac310156ae2b_9366/PANT_DJen_GU0813_21_model.jpg', '2021-12-31'),
    (1000053, 'Blue Pant', 'Pant suitable for beauty', 4444, 100, 5000, FALSE, 'https://assets.adidas.com/images/w_600,f_auto,q_auto/c59f59615af743de861eac310156ae2b_9366/PANT_DJen_GU0813_21_model.jpg', '2021-12-31'),
    (1000052, 'Black Pant', 'Pant suitable for beauty', 7676, 100, 5000, FALSE, 'https://assets.adidas.com/images/w_600,f_auto,q_auto/c59f59615af743de861eac310156ae2b_9366/PANT_DJen_GU0813_21_model.jpg', '2021-12-31'),
    (1000053, 'Red Pant', 'Pant suitable for beauty', 6556, 100, 5000, TRUE, 'https://assets.adidas.com/images/w_600,f_auto,q_auto/c59f59615af743de861eac310156ae2b_9366/PANT_DJen_GU0813_21_model.jpg', '2021-12-31'),
    (1000053, 'Green Pant', 'Pant suitable for beauty', 4545, 100, 5000, FALSE, 'https://assets.adidas.com/images/w_600,f_auto,q_auto/c59f59615af743de861eac310156ae2b_9366/PANT_DJen_GU0813_21_model.jpg', '2021-12-31'),
    (1000052, 'Blue Pant', 'Pant suitable for beauty', 5432, 100, 5000, FALSE, 'https://assets.adidas.com/images/w_600,f_auto,q_auto/c59f59615af743de861eac310156ae2b_9366/PANT_DJen_GU0813_21_model.jpg', '2021-12-31'),
    (1000053, 'Yellow Pant', 'Pant suitable for beauty', 5454, 100, 5000, TRUE, 'https://assets.adidas.com/images/w_600,f_auto,q_auto/c59f59615af743de861eac310156ae2b_9366/PANT_DJen_GU0813_21_model.jpg', '2021-12-31'),
    (1000053, 'Brown Pant', 'Pant suitable for beauty', 6546, 100, 5000, FALSE, 'https://assets.adidas.com/images/w_600,f_auto,q_auto/c59f59615af743de861eac310156ae2b_9366/PANT_DJen_GU0813_21_model.jpg', '2021-12-31'),
    (1000052, 'Pink Pant', 'Pant suitable for beauty', 6454, 100, 5000, FALSE, 'https://assets.adidas.com/images/w_600,f_auto,q_auto/c59f59615af743de861eac310156ae2b_9366/PANT_DJen_GU0813_21_model.jpg', '2021-12-31'),
    (1000053, 'Purple Pant', 'Pant suitable for beauty', 4564, 100, 5000, TRUE, 'https://assets.adidas.com/images/w_600,f_auto,q_auto/c59f59615af743de861eac310156ae2b_9366/PANT_DJen_GU0813_21_model.jpg', '2021-12-31'),
    (1000053, 'Brown Pant', 'Pant suitable for beauty', 4566, 100, 5000, FALSE, 'https://assets.adidas.com/images/w_600,f_auto,q_auto/c59f59615af743de861eac310156ae2b_9366/PANT_DJen_GU0813_21_model.jpg', '2021-12-31'),
    (1000052, 'Black Pant', 'Pant suitable for beauty', 4566, 100, 5000, FALSE, 'https://assets.adidas.com/images/w_600,f_auto,q_auto/c59f59615af743de861eac310156ae2b_9366/PANT_DJen_GU0813_21_model.jpg', '2021-12-31'),
    (1000053, 'White Pant', 'Pant suitable for beauty', 5646, 100, 5000, TRUE, 'https://assets.adidas.com/images/w_600,f_auto,q_auto/c59f59615af743de861eac310156ae2b_9366/PANT_DJen_GU0813_21_model.jpg', '2021-12-31'),
    (1000053, 'Blue Pant', 'Pant suitable for beauty', 4445, 100, 5000, FALSE, 'https://assets.adidas.com/images/w_600,f_auto,q_auto/c59f59615af743de861eac310156ae2b_9366/PANT_DJen_GU0813_21_model.jpg', '2021-12-31');
-- SELECT * FROM `Product`;

INSERT INTO `BiddedProduct`(`id`, `currentprice`)
VALUES
	(1000001,9561),
	(1000002,9246),
	(1000003,9798),
	(1000004,9333),
	(1000005,9210),
	(1000006,9740),
	(1000007,9120),
	(1000008,9881),
	(1000009,9275),
	(1000010,9831),
	(1000011,9647),
	(1000012,9002),
	(1000013,9080),
	(1000014,9064),
	(1000015,9638),
	(1000016,9845),
	(1000017,9431),
	(1000018,9004),
	(1000019,9478),
	(1000020,9375),
	(1000021,9761),
	(1000022,9865),
	(1000023,9539),
	(1000024,9638),
	(1000025,9032),
	(1000026,9455),
	(1000027,9160),
	(1000028,9863),
	(1000029,9407),
	(1000030,9647),
	(1000031,9457),
	(1000032,9004),
	(1000033,9307),
	(1000034,9298),
	(1000035,9891),
	(1000036,9896),
	(1000037,9591),
	(1000038,9333),
	(1000039,9755),
	(1000040,9837),
	(1000041,9002),
	(1000042,9607),
	(1000043,9808),
	(1000044,9185),
	(1000045,9405),
	(1000046,9250),
	(1000047,9904),
	(1000048,9580),
	(1000049,9995),
	(1000050,9169),
	(1000051,9450),
	(1000052,9143),
	(1000053,9338),
	(1000054,9240),
	(1000055,9296),
	(1000056,9860),
	(1000057,9672),
	(1000058,9626),
	(1000059,9939),
	(1000060,9072),
	(1000061,9851),
	(1000062,9495),
	(1000063,9867),
	(1000064,9975),
	(1000065,9707),
	(1000066,9831),
	(1000067,9474),
	(1000068,9707),
	(1000069,9530),
	(1000070,9646),
	(1000071,9356),
	(1000072,9874),
	(1000073,9385),
	(1000074,9875),
	(1000075,9971),
	(1000076,9624),
	(1000077,9843),
	(1000078,9147),
	(1000079,9532),
	(1000080,9508),
	(1000081,9312),
	(1000082,9149),
	(1000083,9060),
	(1000084,9562),
	(1000085,9970),
	(1000086,9018),
	(1000087,9025),
	(1000088,9841),
	(1000089,9052),
	(1000090,9117),
	(1000091,9058),
	(1000092,9629),
	(1000093,9110),
	(1000094,9270),
	(1000095,9917),
	(1000096,9618),
	(1000097,9931),
	(1000098,9741),
	(1000099,9506),
	(1000100,9988),
	(1000101,9381),
	(1000102,9423),
	(1000103,9119),
	(1000104,9519),
	(1000105,9021),
	(1000106,9965),
	(1000107,9958),
	(1000108,9736),
	(1000109,9962),
	(1000110,9781),
	(1000111,9827),
	(1000112,9899),
	(1000113,9569),
	(1000114,9885),
	(1000115,9541),
	(1000116,9895),
	(1000117,9344),
	(1000118,9370),
	(1000119,9552),
	(1000120,9188),
	(1000121,9420);
-- SELECT * FROM `BiddedProduct`;

INSERT INTO `ProductImage`(`productId`, `url`)
VALUES
    (1000001, 'https://cdn.tgdd.vn/Products/Images/44/250976/Slider/vi-vn-acer-predator-triton-300-pt315-53-71dj-i7-2.jpg'),
    (1000001, 'https://cdn.tgdd.vn/Products/Images/44/242201/msi-gf66-11uc-i7-224vn-2-1-org.jpg'),
    (1000001, 'https://cdn.tgdd.vn/Products/Images/44/242201/msi-gf66-11uc-i7-224vn-3-1-org.jpg');
INSERT INTO `ProductImage`(`productId`, `url`)
VALUES
    (1000002, 'https://cdn.tgdd.vn/Products/Images/44/251418/Slider/vi-vn-asus-rog-zephyrus-gaming-g14-ga401qec-r9-k2064t-1.jpg'),
    (1000002, 'https://cdn.tgdd.vn/Products/Images/44/251418/Slider/vi-vn-asus-rog-zephyrus-gaming-g14-ga401qec-r9-k2064t-2.jpg'),
    (1000002, 'https://cdn.tgdd.vn/Products/Images/44/251418/Slider/vi-vn-asus-rog-zephyrus-gaming-g14-ga401qec-r9-k2064t-3.jpg');
INSERT INTO `ProductImage`(`productId`, `url`)
VALUES
    (1000003, 'https://cdn.tgdd.vn/Products/Images/44/247243/Slider/acer-nitro-gaming-an515-57-727j-i7-nhqd9sv005-1020x570.jpg'),
    (1000003, 'https://cdn.tgdd.vn/Products/Images/44/247243/Slider/acer-nitro-gaming-an515-57-727j-i7-nhqd9sv005-250721-0326472.jpg'),
    (1000003, 'https://cdn.tgdd.vn/Products/Images/44/247243/Slider/acer-nitro-gaming-an515-57-727j-i7-nhqd9sv005-250721-0326473.jpg');
INSERT INTO `ProductImage`(`productId`, `url`)
VALUES
    (1000004, 'https://cdn.tgdd.vn/Products/Images/44/255561/Slider/vi-vn-lenovo-yoga-slim-7-14itl05-i5-82a300dpvn-1.jpg'),
    (1000004, 'https://cdn.tgdd.vn/Products/Images/44/255561/Slider/vi-vn-lenovo-yoga-slim-7-14itl05-i5-82a300dpvn-2.jpg'),
    (1000004, 'https://cdn.tgdd.vn/Products/Images/44/255561/Slider/vi-vn-lenovo-yoga-slim-7-14itl05-i5-82a300dpvn-3.jpg');
INSERT INTO `ProductImage`(`productId`, `url`)
VALUES
    (1000005, 'https://cdn.tgdd.vn/Products/Images/44/250518/Slider/vi-vn-acer-aspire-7-gaming-a715-42g-r6zr-r5-nhqaysv003-1.jpg'),
    (1000005, 'https://cdn.tgdd.vn/Products/Images/44/250518/Slider/vi-vn-acer-aspire-7-gaming-a715-42g-r6zr-r5-nhqaysv003-2.jpg'),
    (1000005, 'https://cdn.tgdd.vn/Products/Images/44/250518/Slider/vi-vn-acer-aspire-7-gaming-a715-42g-r6zr-r5-nhqaysv003-3.jpg');
INSERT INTO `ProductImage`(`productId`, `url`)
VALUES
    (1000006, 'https://cdn.tgdd.vn/Products/Images/44/260058/Slider/vi-vn-acer-nitro-5-gaming-an515-57-720a-i7-nhqeqsv004-1.jpg'),
    (1000006, 'https://cdn.tgdd.vn/Products/Images/44/260058/Slider/vi-vn-acer-nitro-5-gaming-an515-57-720a-i7-nhqeqsv004-2.jpg'),
    (1000006, 'https://cdn.tgdd.vn/Products/Images/44/260058/Slider/vi-vn-acer-nitro-5-gaming-an515-57-720a-i7-nhqeqsv004-3.jpg');
INSERT INTO `ProductImage`(`productId`, `url`)
VALUES
    (1000007, 'https://cdn.tgdd.vn/Products/Images/44/260156/Slider/vi-vn-gigabyte-gaming-g5-i5-kc5s11130sb-1.jpg'),
    (1000007, 'https://cdn.tgdd.vn/Products/Images/44/260156/Slider/vi-vn-gigabyte-gaming-g5-i5-kc5s11130sb-2.jpg'),
    (1000007, 'https://cdn.tgdd.vn/Products/Images/44/260156/Slider/vi-vn-gigabyte-gaming-g5-i5-kc5s11130sb-3.jpg');
INSERT INTO `ProductImage`(`productId`, `url`)
VALUES
    (1000008, 'https://cdn.tgdd.vn/Products/Images/44/260054/Slider/vi-vn-acer-nitro-5-gaming-an515-57-71vv-i7-nhqensv005-1.jpg'),
    (1000008, 'https://cdn.tgdd.vn/Products/Images/44/260054/Slider/vi-vn-acer-nitro-5-gaming-an515-57-71vv-i7-nhqensv005-2.jpg'),
    (1000008, 'https://cdn.tgdd.vn/Products/Images/44/260054/Slider/vi-vn-acer-nitro-5-gaming-an515-57-71vv-i7-nhqensv005-3.jpg');
INSERT INTO `ProductImage`(`productId`, `url`)
VALUES
    (1000009, 'https://cdn.tgdd.vn/Products/Images/44/255289/Slider/1-1020x570.jpg'),
    (1000009, 'https://cdn.tgdd.vn/Products/Images/44/255289/Slider/vi-vn-msi-katana-gf76-11uc-i7-441vn-2.jpg'),
    (1000009, 'https://cdn.tgdd.vn/Products/Images/44/255289/Slider/vi-vn-msi-katana-gf76-11uc-i7-441vn-3.jpg');
INSERT INTO `ProductImage`(`productId`, `url`)
VALUES
    (1000010, 'https://cdn.tgdd.vn/Products/Images/44/256265/Slider/vi-vn-msi-gaming-stealth-15m-a11uek-i7-254vn-1.jpg'),
    (1000010, 'https://cdn.tgdd.vn/Products/Images/44/256265/Slider/vi-vn-msi-gaming-stealth-15m-a11uek-i7-254vn-2.jpg'),
    (1000010, 'https://cdn.tgdd.vn/Products/Images/44/256265/Slider/vi-vn-msi-gaming-stealth-15m-a11uek-i7-254vn-3.jpg');
INSERT INTO `ProductImage`(`productId`, `url`)
VALUES
    (1000011, 'https://cdn.tgdd.vn/Products/Images/44/250443/Slider/vi-vn-gigabyte-gaming-g5-i5-md51s1123sh-1.jpg'),
    (1000011, 'https://cdn.tgdd.vn/Products/Images/44/250443/Slider/vi-vn-gigabyte-gaming-g5-i5-md51s1123sh-2.jpg'),
    (1000011, 'https://cdn.tgdd.vn/Products/Images/44/250443/Slider/3-1020x570.jpg');
INSERT INTO `ProductImage`(`productId`, `url`)
VALUES
    (1000012, 'https://cdn.tgdd.vn/Products/Images/44/260045/Slider/vi-vn-asus-tuf-gaming-fx506hcb-i5-hn1138w-1.jpg'),
    (1000012, 'https://cdn.tgdd.vn/Products/Images/44/260045/Slider/vi-vn-asus-tuf-gaming-fx506hcb-i5-hn1138w-2.jpg'),
    (1000012, 'https://cdn.tgdd.vn/Products/Images/44/260045/Slider/vi-vn-asus-tuf-gaming-fx506hcb-i5-hn1138w-3.jpg');
INSERT INTO `ProductImage`(`productId`, `url`)
VALUES
    (1000013, 'https://cdn.tgdd.vn/Products/Images/44/251247/Slider/vi-vn-asus-tuf-gaming-fx516pm-i7-hn002t-1.jpg'),
    (1000013, 'https://cdn.tgdd.vn/Products/Images/44/251247/Slider/vi-vn-asus-tuf-gaming-fx516pm-i7-hn002t-2.jpg'),
    (1000013, 'https://cdn.tgdd.vn/Products/Images/44/251247/Slider/vi-vn-asus-tuf-gaming-fx516pm-i7-hn002t-3.jpg');
INSERT INTO `ProductImage`(`productId`, `url`)
VALUES
    (1000014, 'https://cdn.tgdd.vn/Products/Images/44/260170/Slider/dell-gaming-g15-5515-r5-p105f004cgr-01-1020x570.jpg'),
    (1000014, 'https://cdn.tgdd.vn/Products/Images/44/260170/Slider/vi-vn-dell-gaming-g15-5515-r5-p105f004cgr-2.jpg'),
    (1000014, 'https://cdn.tgdd.vn/Products/Images/44/260170/Slider/vi-vn-dell-gaming-g15-5515-r5-p105f004cgr-3.jpg');
INSERT INTO `ProductImage`(`productId`, `url`)
VALUES
    (1000015, 'https://cdn.tgdd.vn/Products/Images/44/244385/Slider/vi-vn-dell-g3-15-i7-p89f002bwh.jpg'),
    (1000015, 'https://cdn.tgdd.vn/Products/Images/44/244385/Slider/vi-vn-dell-g3-15-i7-p89f002bwh-2.jpg'),
    (1000015, 'https://cdn.tgdd.vn/Products/Images/44/244385/Slider/vi-vn-dell-g3-15-i7-p89f002bwh-3.jpg');
INSERT INTO `ProductImage`(`productId`, `url`)
VALUES
    (1000016, 'https://cdn.tgdd.vn/Products/Images/44/239463/Slider/asus-tuf-gaming-fx516pe-i7-hn005t-1020x570.jpg'),
    (1000016, 'https://cdn.tgdd.vn/Products/Images/44/239463/Slider/vi-vn-asus-tuf-gaming-fx516pe-i7-hn005t-2.jpg'),
    (1000016, 'https://cdn.tgdd.vn/Products/Images/44/239463/Slider/vi-vn-asus-tuf-gaming-fx516pe-i7-hn005t-3.jpg');
INSERT INTO `ProductImage`(`productId`, `url`)
VALUES
    (1000017, 'https://cdn.tgdd.vn/Products/Images/44/260171/Slider/dell-gaming-g15-5515-r5-p105f004dgr-01-1020x570.jpg'),
    (1000017, 'https://cdn.tgdd.vn/Products/Images/44/260171/Slider/vi-vn-dell-gaming-g15-5515-r5-p105f004dgr-2.jpg'),
    (1000017, 'https://cdn.tgdd.vn/Products/Images/44/260171/Slider/vi-vn-dell-gaming-g15-5515-r5-p105f004dgr-3.jpg');
INSERT INTO `ProductImage`(`productId`, `url`)
VALUES
    (1000018, 'https://cdn.tgdd.vn/Products/Images/44/249151/Slider/vi-vn-msi-gaming-ge66-raider-11uh-i7-259vn-1.jpg'),
    (1000018, 'https://cdn.tgdd.vn/Products/Images/44/249151/Slider/vi-vn-msi-gaming-ge66-raider-11uh-i7-259vn-2.jpg'),
    (1000018, 'https://cdn.tgdd.vn/Products/Images/44/249151/Slider/vi-vn-msi-gaming-ge66-raider-11uh-i7-259vn-3.jpg');
INSERT INTO `ProductImage`(`productId`, `url`)
VALUES
    (1000019, 'https://cdn.tgdd.vn/Products/Images/44/250976/Slider/vi-vn-acer-predator-triton-300-pt315-53-71dj-i7-3.jpg'),
    (1000019, 'https://cdn.tgdd.vn/Products/Images/44/250976/Slider/vi-vn-acer-predator-triton-300-pt315-53-71dj-i7-4.jpg'),
    (1000019, 'https://cdn.tgdd.vn/Products/Images/44/250976/Slider/vi-vn-acer-predator-triton-300-pt315-53-71dj-i7-5.jpg');
INSERT INTO `ProductImage`(`productId`, `url`)
VALUES
    (1000020, 'https://cdn.tgdd.vn/Products/Images/44/249151/Slider/vi-vn-msi-gaming-ge66-raider-11uh-i7-259vn-1.jpg'),
    (1000020, 'https://cdn.tgdd.vn/Products/Images/44/249151/Slider/vi-vn-msi-gaming-ge66-raider-11uh-i7-259vn-1.jpg'),
    (1000020, 'https://cdn.tgdd.vn/Products/Images/44/249151/Slider/vi-vn-msi-gaming-ge66-raider-11uh-i7-259vn-2.jpg');
INSERT INTO `ProductImage`(`productId`, `url`)
VALUES
    (1000021, 'https://cdn.tgdd.vn/Products/Images/42/226935/Slider/samsung-galaxy-z-fold-3-slider-tong-quan-1020x570.jpg'),
    (1000021, 'https://cdn.tgdd.vn/Products/Images/42/226935/Slider/vi-vn-samsung-galaxy-z-fold-3-slider-flex-mode.jpg'),
    (1000021, 'https://cdn.tgdd.vn/Products/Images/42/226935/Slider/vi-vn-samsung-galaxy-z-fold-3-slider-khung-vien.jpg');
INSERT INTO `ProductImage`(`productId`, `url`)
VALUES
    (1000022, 'https://cdn.tgdd.vn/Products/Images/42/153856/Slider/iphone-11-thumb-video-780x433-1.jpg'),
    (1000022, 'https://cdn.tgdd.vn/Products/Images/42/153856/Slider/vi-vn-iphone-11-tinhnang.jpg'),
    (1000022, 'https://cdn.tgdd.vn/Products/Images/42/153856/Slider/vi-vn-iphone-11-mausac.jpg');
INSERT INTO `ProductImage`(`productId`, `url`)
VALUES
    (1000023, 'https://cdn.tgdd.vn/Products/Images/42/248293/Slider/xiaomi-11t-slider-tong-quan-1020x570-1.jpg'),
    (1000023, 'https://cdn.tgdd.vn/Products/Images/42/248293/Slider/vi-vn-xiaomi-11t-slider-man-hinh.jpg'),
    (1000023, 'https://cdn.tgdd.vn/Products/Images/42/248293/Slider/vi-vn-xiaomi-11t-slider-camera.jpg');
INSERT INTO `ProductImage`(`productId`, `url`)
VALUES
    (1000024, 'https://cdn.tgdd.vn/Products/Images/42/248293/Slider/vi-vn-xiaomi-11t-slider-camera.jpg'),
    (1000024, 'https://cdn.tgdd.vn/Products/Images/42/248293/Slider/vi-vn-xiaomi-11t-slider-anh-chup-camera.jpg'),
    (1000024, 'https://cdn.tgdd.vn/Products/Images/42/248293/Slider/xiaomi-11t-slider-anh-chup-dem-1020x570.jpg');
INSERT INTO `ProductImage`(`productId`, `url`)
VALUES
    (1000025, 'https://cdn.tgdd.vn/Products/Images/42/234315/Slider/vi-vn-samsung-galaxy-a32-4g-tongquan.jpg'),
    (1000025, 'https://cdn.tgdd.vn/Products/Images/42/234315/Slider/vi-vn-samsung-galaxy-a32-4g-thietke.jpg'),
    (1000025, 'https://cdn.tgdd.vn/Products/Images/42/234315/Slider/vi-vn-samsung-galaxy-a32-4g-cauhinh.jpg');
INSERT INTO `ProductImage`(`productId`, `url`)
VALUES
    (1000026, 'https://cdn.tgdd.vn/Products/Images/42/239747/Slider/oppo-reno6-z-5g-280721-11481111.jpg'),
    (1000026, 'https://cdn.tgdd.vn/Products/Images/42/239747/Slider/oppo-reno6-z-5g-280721-11481110.jpg'),
    (1000026, 'https://cdn.tgdd.vn/Products/Images/42/239747/Slider/oppo-reno6-z-5g-280721-1148106.jpg');
INSERT INTO `ProductImage`(`productId`, `url`)
VALUES
    (1000027, 'https://cdn.tgdd.vn/Products/Images/42/245607/Slider/vivo-v23e-tinhnang-1020x570.jpg'),
    (1000027, 'https://cdn.tgdd.vn/Products/Images/42/245607/Slider/vivo-v23e-baomat-1020x570-1.jpg'),
    (1000027, 'https://cdn.tgdd.vn/Products/Images/42/245607/Slider/vi-vn-vivo-v23e-manhinh-slider.jpg');
INSERT INTO `ProductImage`(`productId`, `url`)
VALUES
    (1000028, 'https://cdn.tgdd.vn/Products/Images/42/230529/Slider/vi-vn-iphone-13-pro-max-slider-tong-quan.jpg'),
    (1000028, 'https://cdn.tgdd.vn/Products/Images/42/230529/Slider/vi-vn-iphone-13-pro-max-slider-hieu-nang.jpg'),
    (1000028, 'https://cdn.tgdd.vn/Products/Images/42/223602/Slider/vi-vn-iphone-13-slider-hieu-suat.jpg');
INSERT INTO `ProductImage`(`productId`, `url`)
VALUES
    (1000029, 'https://cdn.tgdd.vn/Products/Images/42/241265/Slider/realme-c21y-tongquan-780x433-1.jpg'),
    (1000029, 'https://cdn.tgdd.vn/Products/Images/42/241265/Slider/realme-c21y-manhinh-780x433.jpg'),
    (1000029, 'https://cdn.tgdd.vn/Products/Images/42/241265/Slider/vi-vn-realme-c21y-camera.jpg');
INSERT INTO `ProductImage`(`productId`, `url`)
VALUES
    (1000030, 'https://cdn.tgdd.vn/Products/Images/42/251703/Slider/oppo-a95-4g-tongquan-1020x570-1.jpg'),
    (1000030, 'https://cdn.tgdd.vn/Products/Images/42/251703/Slider/vi-vn-oppo-a95-4g-manhinh-slider.jpg'),
    (1000030, 'https://cdn.tgdd.vn/Products/Images/42/251703/Slider/vi-vn-oppo-a95-4g-cauhinh-slider.jpg');
INSERT INTO `ProductImage`(`productId`, `url`)
VALUES
    (1000031, 'https://cdn.tgdd.vn/Products/Images/42/228967/Slider/samsung-galaxy-a52-tong-quan-780x433.jpg'),
    (1000031, 'https://cdn.tgdd.vn/Products/Images/42/228967/Slider/vi-vn-samsung-galaxy-a52-thietke.jpg'),
    (1000031, 'https://cdn.tgdd.vn/Products/Images/42/228967/Slider/vi-vn-samsung-galaxy-a52-manhinh.jpg');
INSERT INTO `ProductImage`(`productId`, `url`)
VALUES
    (1000032, 'https://cdn.tgdd.vn/Products/Images/42/228967/Slider/vi-vn-samsung-galaxy-a52-camera.jpg'),
    (1000032, 'https://cdn.tgdd.vn/Products/Images/42/228967/Slider/vi-vn-samsung-galaxy-a52-cauhinh.jpg'),
    (1000032, 'https://cdn.tgdd.vn/Products/Images/42/248284/Slider/samsung-galaxy-z-fold-3-slider-tong-quan-1020x570.jpg');
INSERT INTO `ProductImage`(`productId`, `url`)
VALUES
    (1000033, 'https://cdn.tgdd.vn/Products/Images/42/226099/Slider/vi-vn-samsung-galaxy-z-fold-2-tinhnang.jpg'),
    (1000033, 'https://cdn.tgdd.vn/Products/Images/42/226099/Slider/-samsung-galaxy-z-fold-2-manhinhgap.gif'),
    (1000033, 'https://cdn.tgdd.vn/Products/Images/42/226099/Slider/vi-vn-samsung-galaxy-z-fold-2-tansoquet.jpg');
INSERT INTO `ProductImage`(`productId`, `url`)
VALUES
    (1000034, 'https://cdn.tgdd.vn/Products/Images/42/230521/Slider/vi-vn-iphone-13-pro-slider-tong-quan.jpg'),
    (1000034, 'https://cdn.tgdd.vn/Products/Images/42/230521/Slider/vi-vn-iphone-13-pro-slider-hieu-nang.jpg'),
    (1000034, 'https://cdn.tgdd.vn/Products/Images/42/230521/Slider/iphone-13-pro-slider-120hz-1020x570.jpg');
INSERT INTO `ProductImage`(`productId`, `url`)
VALUES
    (1000035, 'https://cdn.tgdd.vn/Products/Images/42/213033/Slider/iphone-12-pro-max-thumbv-780x433-1.jpg'),
    (1000035, 'https://cdn.tgdd.vn/Products/Images/42/213033/Slider/vi-vn-iphone-12-pro-max-1.jpg'),
    (1000035, 'https://cdn.tgdd.vn/Products/Images/42/213033/Slider/vi-vn-iphone-12-pro-max-2.jpg');
INSERT INTO `ProductImage`(`productId`, `url`)
VALUES
    (1000036, 'https://cdn.tgdd.vn/Products/Images/42/248283/Slider/samsung-galaxy-z-flip3-5g-256gb-230821-04105416.jpg'),
    (1000036, 'https://cdn.tgdd.vn/Products/Images/42/248283/Slider/samsung-galaxy-z-flip3-5g-256gb-230821-04105412.jpg'),
    (1000036, 'https://cdn.tgdd.vn/Products/Images/42/248283/Slider/samsung-galaxy-z-flip3-5g-256gb-230821-0410530.jpg');
INSERT INTO `ProductImage`(`productId`, `url`)
VALUES
    (1000037, 'https://cdn.tgdd.vn/Products/Images/42/213032/Slider/iphone-12-pro-thumbv-780x433-1.jpg'),
    (1000037, 'https://cdn.tgdd.vn/Products/Images/42/213032/Slider/vi-vn-iphone-12-pro-1.jpg'),
    (1000037, 'https://cdn.tgdd.vn/Products/Images/42/213032/Slider/vi-vn-iphone-12-pro-2.jpg');
INSERT INTO `ProductImage`(`productId`, `url`)
VALUES
    (1000038, 'https://cdn.tgdd.vn/Products/Images/42/226316/Slider/samsung-galaxy-s21-ultra-5G-slider-780x433.jpg'),
    (1000038, 'https://cdn.tgdd.vn/Products/Images/42/226316/Slider/vi-vn-samsung-galaxy-s21-ultra-5g-thietke-slider.jpg'),
    (1000038, 'https://cdn.tgdd.vn/Products/Images/42/226316/Slider/vi-vn-samsung-galaxy-s21-ultra-5g-manhinh-slider.jpg');
INSERT INTO `ProductImage`(`productId`, `url`)
VALUES
    (1000039, 'https://cdn.tgdd.vn/Products/Images/42/229949/Slider/vi-vn-samsung-galaxy-z-flip-3-tong-quan.jpg'),
    (1000039, 'https://cdn.tgdd.vn/Products/Images/42/229949/Slider/vi-vn-samsung-galaxy-z-flip-3-slider-camera.jpg'),
    (1000039, 'https://cdn.tgdd.vn/Products/Images/42/229949/Slider/vi-vn-samsung-galaxy-z-flip-3-slider-selfie.jpg');
INSERT INTO `ProductImage`(`productId`, `url`)
VALUES
    (1000040, 'https://cdn.tgdd.vn/Products/Images/42/223602/Slider/iphone-13-slider-tong-quan-1020x570-1.jpg'),
    (1000040, 'https://cdn.tgdd.vn/Products/Images/42/223602/Slider/vi-vn-iphone-13-slider-chip.jpg'),
    (1000040, 'https://cdn.tgdd.vn/Products/Images/42/223602/Slider/vi-vn-iphone-13-slider-hieu-suat.jpg');
INSERT INTO `ProductImage`(`productId`, `url`)
VALUES
    (1000041, 'https://cf.shopee.vn/file/45726cddf948dbc3ef424b0c928a5ecd_tn'),
    (1000041, 'https://cf.shopee.vn/file/45726cddf948dbc3ef424b0c928a5ecd_tn'),
    (1000041, 'https://cf.shopee.vn/file/45726cddf948dbc3ef424b0c928a5ecd_tn');
INSERT INTO `ProductImage`(`productId`, `url`)
VALUES
    (1000042, 'https://cf.shopee.vn/file/45726cddf948dbc3ef424b0c928a5ecd_tn'),
    (1000042, 'https://cf.shopee.vn/file/45726cddf948dbc3ef424b0c928a5ecd_tn'),
    (1000042, 'https://cf.shopee.vn/file/45726cddf948dbc3ef424b0c928a5ecd_tn');
INSERT INTO `ProductImage`(`productId`, `url`)
VALUES
    (1000043, 'https://cf.shopee.vn/file/45726cddf948dbc3ef424b0c928a5ecd_tn'),
    (1000043, 'https://cf.shopee.vn/file/45726cddf948dbc3ef424b0c928a5ecd_tn'),
    (1000043, 'https://cf.shopee.vn/file/45726cddf948dbc3ef424b0c928a5ecd_tn');
INSERT INTO `ProductImage`(`productId`, `url`)
VALUES
    (1000044, 'https://cf.shopee.vn/file/45726cddf948dbc3ef424b0c928a5ecd_tn'),
    (1000044, 'https://cf.shopee.vn/file/45726cddf948dbc3ef424b0c928a5ecd_tn'),
    (1000044, 'https://cf.shopee.vn/file/45726cddf948dbc3ef424b0c928a5ecd_tn');
INSERT INTO `ProductImage`(`productId`, `url`)
VALUES
    (1000045, 'https://cf.shopee.vn/file/45726cddf948dbc3ef424b0c928a5ecd_tn'),
    (1000045, 'https://cf.shopee.vn/file/45726cddf948dbc3ef424b0c928a5ecd_tn'),
    (1000045, 'https://cf.shopee.vn/file/45726cddf948dbc3ef424b0c928a5ecd_tn');
INSERT INTO `ProductImage`(`productId`, `url`)
VALUES
    (1000046, 'https://cf.shopee.vn/file/45726cddf948dbc3ef424b0c928a5ecd_tn'),
    (1000046, 'https://cf.shopee.vn/file/45726cddf948dbc3ef424b0c928a5ecd_tn'),
    (1000046, 'https://cf.shopee.vn/file/45726cddf948dbc3ef424b0c928a5ecd_tn');
INSERT INTO `ProductImage`(`productId`, `url`)
VALUES
    (1000047, 'https://cf.shopee.vn/file/45726cddf948dbc3ef424b0c928a5ecd_tn'),
    (1000047, 'https://cf.shopee.vn/file/45726cddf948dbc3ef424b0c928a5ecd_tn'),
    (1000047, 'https://cf.shopee.vn/file/45726cddf948dbc3ef424b0c928a5ecd_tn');
INSERT INTO `ProductImage`(`productId`, `url`)
VALUES
    (1000048, 'https://cf.shopee.vn/file/45726cddf948dbc3ef424b0c928a5ecd_tn'),
    (1000048, 'https://cf.shopee.vn/file/45726cddf948dbc3ef424b0c928a5ecd_tn'),
    (1000048, 'https://cf.shopee.vn/file/45726cddf948dbc3ef424b0c928a5ecd_tn');
INSERT INTO `ProductImage`(`productId`, `url`)
VALUES
    (1000049, 'https://cf.shopee.vn/file/45726cddf948dbc3ef424b0c928a5ecd_tn'),
    (1000049, 'https://cf.shopee.vn/file/45726cddf948dbc3ef424b0c928a5ecd_tn'),
    (1000049, 'https://cf.shopee.vn/file/45726cddf948dbc3ef424b0c928a5ecd_tn');
INSERT INTO `ProductImage`(`productId`, `url`)
VALUES
    (1000050, 'https://cf.shopee.vn/file/45726cddf948dbc3ef424b0c928a5ecd_tn'),
    (1000050, 'https://cf.shopee.vn/file/45726cddf948dbc3ef424b0c928a5ecd_tn'),
    (1000050, 'https://cf.shopee.vn/file/45726cddf948dbc3ef424b0c928a5ecd_tn');
INSERT INTO `ProductImage`(`productId`, `url`)
VALUES
    (1000051, 'https://cf.shopee.vn/file/45726cddf948dbc3ef424b0c928a5ecd_tn'),
    (1000051, 'https://cf.shopee.vn/file/45726cddf948dbc3ef424b0c928a5ecd_tn'),
    (1000051, 'https://cf.shopee.vn/file/45726cddf948dbc3ef424b0c928a5ecd_tn');
INSERT INTO `ProductImage`(`productId`, `url`)
VALUES
    (1000052, 'https://cf.shopee.vn/file/45726cddf948dbc3ef424b0c928a5ecd_tn'),
    (1000052, 'https://cf.shopee.vn/file/45726cddf948dbc3ef424b0c928a5ecd_tn'),
    (1000052, 'https://cf.shopee.vn/file/45726cddf948dbc3ef424b0c928a5ecd_tn');
INSERT INTO `ProductImage`(`productId`, `url`)
VALUES
    (1000053, 'https://cf.shopee.vn/file/45726cddf948dbc3ef424b0c928a5ecd_tn'),
    (1000053, 'https://cf.shopee.vn/file/45726cddf948dbc3ef424b0c928a5ecd_tn'),
    (1000053, 'https://cf.shopee.vn/file/45726cddf948dbc3ef424b0c928a5ecd_tn');
INSERT INTO `ProductImage`(`productId`, `url`)
VALUES
    (1000054, 'https://cf.shopee.vn/file/45726cddf948dbc3ef424b0c928a5ecd_tn'),
    (1000054, 'https://cf.shopee.vn/file/45726cddf948dbc3ef424b0c928a5ecd_tn'),
    (1000054, 'https://cf.shopee.vn/file/45726cddf948dbc3ef424b0c928a5ecd_tn');
INSERT INTO `ProductImage`(`productId`, `url`)
VALUES
    (1000055, 'https://cf.shopee.vn/file/45726cddf948dbc3ef424b0c928a5ecd_tn'),
    (1000055, 'https://cf.shopee.vn/file/45726cddf948dbc3ef424b0c928a5ecd_tn'),
    (1000055, 'https://cf.shopee.vn/file/45726cddf948dbc3ef424b0c928a5ecd_tn');
INSERT INTO `ProductImage`(`productId`, `url`)
VALUES
    (1000056, 'https://cf.shopee.vn/file/45726cddf948dbc3ef424b0c928a5ecd_tn'),
    (1000056, 'https://cf.shopee.vn/file/45726cddf948dbc3ef424b0c928a5ecd_tn'),
    (1000056, 'https://cf.shopee.vn/file/45726cddf948dbc3ef424b0c928a5ecd_tn');
INSERT INTO `ProductImage`(`productId`, `url`)
VALUES
    (1000057, 'https://cf.shopee.vn/file/45726cddf948dbc3ef424b0c928a5ecd_tn'),
    (1000057, 'https://cf.shopee.vn/file/45726cddf948dbc3ef424b0c928a5ecd_tn'),
    (1000057, 'https://cf.shopee.vn/file/45726cddf948dbc3ef424b0c928a5ecd_tn');
INSERT INTO `ProductImage`(`productId`, `url`)
VALUES
    (1000058, 'https://cf.shopee.vn/file/45726cddf948dbc3ef424b0c928a5ecd_tn'),
    (1000058, 'https://cf.shopee.vn/file/45726cddf948dbc3ef424b0c928a5ecd_tn'),
    (1000058, 'https://cf.shopee.vn/file/45726cddf948dbc3ef424b0c928a5ecd_tn');
INSERT INTO `ProductImage`(`productId`, `url`)
VALUES
    (1000059, 'https://cf.shopee.vn/file/45726cddf948dbc3ef424b0c928a5ecd_tn'),
    (1000059, 'https://cf.shopee.vn/file/45726cddf948dbc3ef424b0c928a5ecd_tn'),
    (1000059, 'https://cf.shopee.vn/file/45726cddf948dbc3ef424b0c928a5ecd_tn');
INSERT INTO `ProductImage`(`productId`, `url`)
VALUES
    (1000060, 'https://cf.shopee.vn/file/45726cddf948dbc3ef424b0c928a5ecd_tn'),
    (1000060, 'https://cf.shopee.vn/file/45726cddf948dbc3ef424b0c928a5ecd_tn'),
    (1000060, 'https://cf.shopee.vn/file/45726cddf948dbc3ef424b0c928a5ecd_tn');
INSERT INTO `ProductImage`(`productId`, `url`)
VALUES
    (1000061, 'https://assets.vogue.com/photos/5f341f6f4721c86585cbb800/master/pass/fullsizeoutput_6bcd_1_1080x.jpg'),
    (1000061, 'https://assets.vogue.com/photos/5f341f6f4721c86585cbb800/master/pass/fullsizeoutput_6bcd_1_1080x.jpg'),
    (1000061, 'https://assets.vogue.com/photos/5f341f6f4721c86585cbb800/master/pass/fullsizeoutput_6bcd_1_1080x.jpg');
INSERT INTO `ProductImage`(`productId`, `url`)
VALUES
    (1000062, 'https://assets.vogue.com/photos/5f341f6f4721c86585cbb800/master/pass/fullsizeoutput_6bcd_1_1080x.jpg'),
    (1000062, 'https://assets.vogue.com/photos/5f341f6f4721c86585cbb800/master/pass/fullsizeoutput_6bcd_1_1080x.jpg'),
    (1000062, 'https://assets.vogue.com/photos/5f341f6f4721c86585cbb800/master/pass/fullsizeoutput_6bcd_1_1080x.jpg');
INSERT INTO `ProductImage`(`productId`, `url`)
VALUES
    (1000063, 'https://assets.vogue.com/photos/5f341f6f4721c86585cbb800/master/pass/fullsizeoutput_6bcd_1_1080x.jpg'),
    (1000063, 'https://assets.vogue.com/photos/5f341f6f4721c86585cbb800/master/pass/fullsizeoutput_6bcd_1_1080x.jpg'),
    (1000063, 'https://assets.vogue.com/photos/5f341f6f4721c86585cbb800/master/pass/fullsizeoutput_6bcd_1_1080x.jpg');
INSERT INTO `ProductImage`(`productId`, `url`)
VALUES
    (1000064, 'https://assets.vogue.com/photos/5f341f6f4721c86585cbb800/master/pass/fullsizeoutput_6bcd_1_1080x.jpg'),
    (1000064, 'https://assets.vogue.com/photos/5f341f6f4721c86585cbb800/master/pass/fullsizeoutput_6bcd_1_1080x.jpg'),
    (1000064, 'https://assets.vogue.com/photos/5f341f6f4721c86585cbb800/master/pass/fullsizeoutput_6bcd_1_1080x.jpg');
INSERT INTO `ProductImage`(`productId`, `url`)
VALUES
    (1000065, 'https://assets.vogue.com/photos/5f341f6f4721c86585cbb800/master/pass/fullsizeoutput_6bcd_1_1080x.jpg'),
    (1000065, 'https://assets.vogue.com/photos/5f341f6f4721c86585cbb800/master/pass/fullsizeoutput_6bcd_1_1080x.jpg'),
    (1000065, 'https://assets.vogue.com/photos/5f341f6f4721c86585cbb800/master/pass/fullsizeoutput_6bcd_1_1080x.jpg');
INSERT INTO `ProductImage`(`productId`, `url`)
VALUES
    (1000066, 'https://assets.vogue.com/photos/5f341f6f4721c86585cbb800/master/pass/fullsizeoutput_6bcd_1_1080x.jpg'),
    (1000066, 'https://assets.vogue.com/photos/5f341f6f4721c86585cbb800/master/pass/fullsizeoutput_6bcd_1_1080x.jpg'),
    (1000066, 'https://assets.vogue.com/photos/5f341f6f4721c86585cbb800/master/pass/fullsizeoutput_6bcd_1_1080x.jpg');
INSERT INTO `ProductImage`(`productId`, `url`)
VALUES
    (1000067, 'https://assets.vogue.com/photos/5f341f6f4721c86585cbb800/master/pass/fullsizeoutput_6bcd_1_1080x.jpg'),
    (1000067, 'https://assets.vogue.com/photos/5f341f6f4721c86585cbb800/master/pass/fullsizeoutput_6bcd_1_1080x.jpg'),
    (1000067, 'https://assets.vogue.com/photos/5f341f6f4721c86585cbb800/master/pass/fullsizeoutput_6bcd_1_1080x.jpg');
	INSERT INTO `ProductImage`(`productId`, `url`)
VALUES
    (1000068, 'https://assets.vogue.com/photos/5f341f6f4721c86585cbb800/master/pass/fullsizeoutput_6bcd_1_1080x.jpg'),
    (1000068, 'https://assets.vogue.com/photos/5f341f6f4721c86585cbb800/master/pass/fullsizeoutput_6bcd_1_1080x.jpg'),
    (1000068, 'https://assets.vogue.com/photos/5f341f6f4721c86585cbb800/master/pass/fullsizeoutput_6bcd_1_1080x.jpg');
INSERT INTO `ProductImage`(`productId`, `url`)
VALUES
    (1000069, 'https://assets.vogue.com/photos/5f341f6f4721c86585cbb800/master/pass/fullsizeoutput_6bcd_1_1080x.jpg'),
    (1000069, 'https://assets.vogue.com/photos/5f341f6f4721c86585cbb800/master/pass/fullsizeoutput_6bcd_1_1080x.jpg'),
    (1000069, 'https://assets.vogue.com/photos/5f341f6f4721c86585cbb800/master/pass/fullsizeoutput_6bcd_1_1080x.jpg');
INSERT INTO `ProductImage`(`productId`, `url`)
VALUES
    (1000070, 'https://assets.vogue.com/photos/5f341f6f4721c86585cbb800/master/pass/fullsizeoutput_6bcd_1_1080x.jpg'),
    (1000070, 'https://assets.vogue.com/photos/5f341f6f4721c86585cbb800/master/pass/fullsizeoutput_6bcd_1_1080x.jpg'),
    (1000070, 'https://assets.vogue.com/photos/5f341f6f4721c86585cbb800/master/pass/fullsizeoutput_6bcd_1_1080x.jpg');
INSERT INTO `ProductImage`(`productId`, `url`)
VALUES
    (1000071, 'https://assets.vogue.com/photos/5f341f6f4721c86585cbb800/master/pass/fullsizeoutput_6bcd_1_1080x.jpg'),
    (1000071, 'https://assets.vogue.com/photos/5f341f6f4721c86585cbb800/master/pass/fullsizeoutput_6bcd_1_1080x.jpg'),
    (1000071, 'https://assets.vogue.com/photos/5f341f6f4721c86585cbb800/master/pass/fullsizeoutput_6bcd_1_1080x.jpg');
INSERT INTO `ProductImage`(`productId`, `url`)
VALUES
    (1000072, 'https://assets.vogue.com/photos/5f341f6f4721c86585cbb800/master/pass/fullsizeoutput_6bcd_1_1080x.jpg'),
    (1000072, 'https://assets.vogue.com/photos/5f341f6f4721c86585cbb800/master/pass/fullsizeoutput_6bcd_1_1080x.jpg'),
    (1000072, 'https://assets.vogue.com/photos/5f341f6f4721c86585cbb800/master/pass/fullsizeoutput_6bcd_1_1080x.jpg');
INSERT INTO `ProductImage`(`productId`, `url`)
VALUES
    (1000073, 'https://assets.vogue.com/photos/5f341f6f4721c86585cbb800/master/pass/fullsizeoutput_6bcd_1_1080x.jpg'),
    (1000073, 'https://assets.vogue.com/photos/5f341f6f4721c86585cbb800/master/pass/fullsizeoutput_6bcd_1_1080x.jpg'),
    (1000073, 'https://assets.vogue.com/photos/5f341f6f4721c86585cbb800/master/pass/fullsizeoutput_6bcd_1_1080x.jpg');
INSERT INTO `ProductImage`(`productId`, `url`)
VALUES
    (1000074, 'https://assets.vogue.com/photos/5f341f6f4721c86585cbb800/master/pass/fullsizeoutput_6bcd_1_1080x.jpg'),
    (1000074, 'https://assets.vogue.com/photos/5f341f6f4721c86585cbb800/master/pass/fullsizeoutput_6bcd_1_1080x.jpg'),
    (1000074, 'https://assets.vogue.com/photos/5f341f6f4721c86585cbb800/master/pass/fullsizeoutput_6bcd_1_1080x.jpg');
INSERT INTO `ProductImage`(`productId`, `url`)
VALUES
    (1000075, 'https://assets.vogue.com/photos/5f341f6f4721c86585cbb800/master/pass/fullsizeoutput_6bcd_1_1080x.jpg'),
    (1000075, 'https://assets.vogue.com/photos/5f341f6f4721c86585cbb800/master/pass/fullsizeoutput_6bcd_1_1080x.jpg'),
    (1000075, 'https://assets.vogue.com/photos/5f341f6f4721c86585cbb800/master/pass/fullsizeoutput_6bcd_1_1080x.jpg');
INSERT INTO `ProductImage`(`productId`, `url`)
VALUES
    (1000076, 'https://assets.vogue.com/photos/5f341f6f4721c86585cbb800/master/pass/fullsizeoutput_6bcd_1_1080x.jpg'),
    (1000076, 'https://assets.vogue.com/photos/5f341f6f4721c86585cbb800/master/pass/fullsizeoutput_6bcd_1_1080x.jpg'),
    (1000076, 'https://assets.vogue.com/photos/5f341f6f4721c86585cbb800/master/pass/fullsizeoutput_6bcd_1_1080x.jpg');
INSERT INTO `ProductImage`(`productId`, `url`)
VALUES
    (1000077, 'https://assets.vogue.com/photos/5f341f6f4721c86585cbb800/master/pass/fullsizeoutput_6bcd_1_1080x.jpg'),
    (1000077, 'https://assets.vogue.com/photos/5f341f6f4721c86585cbb800/master/pass/fullsizeoutput_6bcd_1_1080x.jpg'),
    (1000077, 'https://assets.vogue.com/photos/5f341f6f4721c86585cbb800/master/pass/fullsizeoutput_6bcd_1_1080x.jpg');
INSERT INTO `ProductImage`(`productId`, `url`)
VALUES
    (1000078, 'https://assets.vogue.com/photos/5f341f6f4721c86585cbb800/master/pass/fullsizeoutput_6bcd_1_1080x.jpg'),
    (1000078, 'https://assets.vogue.com/photos/5f341f6f4721c86585cbb800/master/pass/fullsizeoutput_6bcd_1_1080x.jpg'),
    (1000078, 'https://assets.vogue.com/photos/5f341f6f4721c86585cbb800/master/pass/fullsizeoutput_6bcd_1_1080x.jpg');
INSERT INTO `ProductImage`(`productId`, `url`)
VALUES
    (1000079, 'https://assets.vogue.com/photos/5f341f6f4721c86585cbb800/master/pass/fullsizeoutput_6bcd_1_1080x.jpg'),
    (1000079, 'https://assets.vogue.com/photos/5f341f6f4721c86585cbb800/master/pass/fullsizeoutput_6bcd_1_1080x.jpg'),
    (1000079, 'https://assets.vogue.com/photos/5f341f6f4721c86585cbb800/master/pass/fullsizeoutput_6bcd_1_1080x.jpg');
INSERT INTO `ProductImage`(`productId`, `url`)
VALUES
    (1000080, 'https://assets.vogue.com/photos/5f341f6f4721c86585cbb800/master/pass/fullsizeoutput_6bcd_1_1080x.jpg'),
    (1000080, 'https://assets.vogue.com/photos/5f341f6f4721c86585cbb800/master/pass/fullsizeoutput_6bcd_1_1080x.jpg'),
    (1000090, 'https://assets.vogue.com/photos/5f341f6f4721c86585cbb800/master/pass/fullsizeoutput_6bcd_1_1080x.jpg');
INSERT INTO `ProductImage`(`productId`, `url`)
VALUES
    (1000081, 'https://cf.shopee.vn/file/4fa9bdce36c7b9fae684ff362db507d9_tn'),
    (1000081, 'https://cf.shopee.vn/file/4fa9bdce36c7b9fae684ff362db507d9_tn'),
    (1000081, 'https://cf.shopee.vn/file/4fa9bdce36c7b9fae684ff362db507d9_tn');
INSERT INTO `ProductImage`(`productId`, `url`)
VALUES
    (1000082, 'https://cf.shopee.vn/file/4fa9bdce36c7b9fae684ff362db507d9_tn'),
    (1000082, 'https://cf.shopee.vn/file/4fa9bdce36c7b9fae684ff362db507d9_tn'),
    (1000082, 'https://cf.shopee.vn/file/4fa9bdce36c7b9fae684ff362db507d9_tn');
INSERT INTO `ProductImage`(`productId`, `url`)
VALUES
    (1000083, 'https://cf.shopee.vn/file/4fa9bdce36c7b9fae684ff362db507d9_tn'),
    (1000083, 'https://cf.shopee.vn/file/4fa9bdce36c7b9fae684ff362db507d9_tn'),
    (1000083, 'https://cf.shopee.vn/file/4fa9bdce36c7b9fae684ff362db507d9_tn');
INSERT INTO `ProductImage`(`productId`, `url`)
VALUES
    (1000084, 'https://cf.shopee.vn/file/4fa9bdce36c7b9fae684ff362db507d9_tn'),
    (1000084, 'https://cf.shopee.vn/file/4fa9bdce36c7b9fae684ff362db507d9_tn'),
    (1000084, 'https://cf.shopee.vn/file/4fa9bdce36c7b9fae684ff362db507d9_tn');
INSERT INTO `ProductImage`(`productId`, `url`)
VALUES
    (1000085, 'https://cf.shopee.vn/file/4fa9bdce36c7b9fae684ff362db507d9_tn'),
    (1000085, 'https://cf.shopee.vn/file/4fa9bdce36c7b9fae684ff362db507d9_tn'),
    (1000085, 'https://cf.shopee.vn/file/4fa9bdce36c7b9fae684ff362db507d9_tn');
INSERT INTO `ProductImage`(`productId`, `url`)
VALUES
    (1000086, 'https://cf.shopee.vn/file/4fa9bdce36c7b9fae684ff362db507d9_tn'),
    (1000086, 'https://cf.shopee.vn/file/4fa9bdce36c7b9fae684ff362db507d9_tn'),
    (1000086, 'https://cf.shopee.vn/file/4fa9bdce36c7b9fae684ff362db507d9_tn');
INSERT INTO `ProductImage`(`productId`, `url`)
VALUES
    (1000087, 'https://cf.shopee.vn/file/4fa9bdce36c7b9fae684ff362db507d9_tn'),
    (1000087, 'https://cf.shopee.vn/file/4fa9bdce36c7b9fae684ff362db507d9_tn'),
    (1000087, 'https://cf.shopee.vn/file/4fa9bdce36c7b9fae684ff362db507d9_tn');
INSERT INTO `ProductImage`(`productId`, `url`)
VALUES
    (1000088, 'https://cf.shopee.vn/file/4fa9bdce36c7b9fae684ff362db507d9_tn'),
    (1000088, 'https://cf.shopee.vn/file/4fa9bdce36c7b9fae684ff362db507d9_tn'),
    (1000088, 'https://cf.shopee.vn/file/4fa9bdce36c7b9fae684ff362db507d9_tn');
INSERT INTO `ProductImage`(`productId`, `url`)
VALUES
    (1000089, 'https://cf.shopee.vn/file/4fa9bdce36c7b9fae684ff362db507d9_tn'),
    (1000089, 'https://cf.shopee.vn/file/4fa9bdce36c7b9fae684ff362db507d9_tn'),
    (1000089, 'https://cf.shopee.vn/file/4fa9bdce36c7b9fae684ff362db507d9_tn');
INSERT INTO `ProductImage`(`productId`, `url`)
VALUES
    (1000090, 'https://cf.shopee.vn/file/4fa9bdce36c7b9fae684ff362db507d9_tn'),
    (1000090, 'https://cf.shopee.vn/file/4fa9bdce36c7b9fae684ff362db507d9_tn'),
    (1000090, 'https://cf.shopee.vn/file/4fa9bdce36c7b9fae684ff362db507d9_tn');
INSERT INTO `ProductImage`(`productId`, `url`)
VALUES
    (1000091, 'https://cf.shopee.vn/file/4fa9bdce36c7b9fae684ff362db507d9_tn'),
    (1000091, 'https://cf.shopee.vn/file/4fa9bdce36c7b9fae684ff362db507d9_tn'),
    (1000091, 'https://cf.shopee.vn/file/4fa9bdce36c7b9fae684ff362db507d9_tn');
INSERT INTO `ProductImage`(`productId`, `url`)
VALUES
    (1000092, 'https://cf.shopee.vn/file/4fa9bdce36c7b9fae684ff362db507d9_tn'),
    (1000092, 'https://cf.shopee.vn/file/4fa9bdce36c7b9fae684ff362db507d9_tn'),
    (1000092, 'https://cf.shopee.vn/file/4fa9bdce36c7b9fae684ff362db507d9_tn');
INSERT INTO `ProductImage`(`productId`, `url`)
VALUES
    (1000093, 'https://cf.shopee.vn/file/4fa9bdce36c7b9fae684ff362db507d9_tn'),
    (1000093, 'https://cf.shopee.vn/file/4fa9bdce36c7b9fae684ff362db507d9_tn'),
    (1000093, 'https://cf.shopee.vn/file/4fa9bdce36c7b9fae684ff362db507d9_tn');
INSERT INTO `ProductImage`(`productId`, `url`)
VALUES
    (1000094, 'https://cf.shopee.vn/file/4fa9bdce36c7b9fae684ff362db507d9_tn'),
    (1000094, 'https://cf.shopee.vn/file/4fa9bdce36c7b9fae684ff362db507d9_tn'),
    (1000094, 'https://cf.shopee.vn/file/4fa9bdce36c7b9fae684ff362db507d9_tn');
INSERT INTO `ProductImage`(`productId`, `url`)
VALUES
    (1000095, 'https://cf.shopee.vn/file/4fa9bdce36c7b9fae684ff362db507d9_tn'),
    (1000095, 'https://cf.shopee.vn/file/4fa9bdce36c7b9fae684ff362db507d9_tn'),
    (1000095, 'https://cf.shopee.vn/file/4fa9bdce36c7b9fae684ff362db507d9_tn');
INSERT INTO `ProductImage`(`productId`, `url`)
VALUES
    (1000096, 'https://cf.shopee.vn/file/4fa9bdce36c7b9fae684ff362db507d9_tn'),
    (1000096, 'https://cf.shopee.vn/file/4fa9bdce36c7b9fae684ff362db507d9_tn'),
    (1000096, 'https://cf.shopee.vn/file/4fa9bdce36c7b9fae684ff362db507d9_tn');
INSERT INTO `ProductImage`(`productId`, `url`)
VALUES
    (1000097, 'https://cf.shopee.vn/file/4fa9bdce36c7b9fae684ff362db507d9_tn'),
    (1000097, 'https://cf.shopee.vn/file/4fa9bdce36c7b9fae684ff362db507d9_tn'),
    (1000097, 'https://cf.shopee.vn/file/4fa9bdce36c7b9fae684ff362db507d9_tn');
INSERT INTO `ProductImage`(`productId`, `url`)
VALUES
    (1000098, 'https://cf.shopee.vn/file/4fa9bdce36c7b9fae684ff362db507d9_tn'),
    (1000098, 'https://cf.shopee.vn/file/4fa9bdce36c7b9fae684ff362db507d9_tn'),
    (1000098, 'https://cf.shopee.vn/file/4fa9bdce36c7b9fae684ff362db507d9_tn');
INSERT INTO `ProductImage`(`productId`, `url`)
VALUES
    (1000099, 'https://cf.shopee.vn/file/4fa9bdce36c7b9fae684ff362db507d9_tn'),
    (1000099, 'https://cf.shopee.vn/file/4fa9bdce36c7b9fae684ff362db507d9_tn'),
    (1000099, 'https://cf.shopee.vn/file/4fa9bdce36c7b9fae684ff362db507d9_tn');
INSERT INTO `ProductImage`(`productId`, `url`)
VALUES
    (1000100, 'https://cf.shopee.vn/file/4fa9bdce36c7b9fae684ff362db507d9_tn'),
    (1000100, 'https://cf.shopee.vn/file/4fa9bdce36c7b9fae684ff362db507d9_tn'),
    (1000100, 'https://cf.shopee.vn/file/4fa9bdce36c7b9fae684ff362db507d9_tn');
INSERT INTO `ProductImage`(`productId`, `url`)
VALUES
    (1000101, 'https://cf.shopee.vn/file/e20689ce35f18d37f67df05316e714f9_tn'),
    (1000101, 'https://cf.shopee.vn/file/e20689ce35f18d37f67df05316e714f9_tn'),
    (1000101, 'https://cf.shopee.vn/file/e20689ce35f18d37f67df05316e714f9_tn');
INSERT INTO `ProductImage`(`productId`, `url`)
VALUES
    (1000102, 'https://cf.shopee.vn/file/e20689ce35f18d37f67df05316e714f9_tn'),
    (1000102, 'https://cf.shopee.vn/file/e20689ce35f18d37f67df05316e714f9_tn'),
    (1000102, 'https://cf.shopee.vn/file/e20689ce35f18d37f67df05316e714f9_tn');
INSERT INTO `ProductImage`(`productId`, `url`)
VALUES
    (1000103, 'https://cf.shopee.vn/file/e20689ce35f18d37f67df05316e714f9_tn'),
    (1000103, 'https://cf.shopee.vn/file/e20689ce35f18d37f67df05316e714f9_tn'),
    (1000103, 'https://cf.shopee.vn/file/e20689ce35f18d37f67df05316e714f9_tn');
INSERT INTO `ProductImage`(`productId`, `url`)
VALUES
    (1000104, 'https://cf.shopee.vn/file/e20689ce35f18d37f67df05316e714f9_tn'),
    (1000104, 'https://cf.shopee.vn/file/e20689ce35f18d37f67df05316e714f9_tn'),
    (1000104, 'https://cf.shopee.vn/file/e20689ce35f18d37f67df05316e714f9_tn');
INSERT INTO `ProductImage`(`productId`, `url`)
VALUES
    (1000105, 'https://cf.shopee.vn/file/e20689ce35f18d37f67df05316e714f9_tn'),
    (1000105, 'https://cf.shopee.vn/file/e20689ce35f18d37f67df05316e714f9_tn'),
    (1000105, 'https://cf.shopee.vn/file/e20689ce35f18d37f67df05316e714f9_tn');
INSERT INTO `ProductImage`(`productId`, `url`)
VALUES
    (1000106, 'https://cf.shopee.vn/file/e20689ce35f18d37f67df05316e714f9_tn'),
    (1000106, 'https://cf.shopee.vn/file/e20689ce35f18d37f67df05316e714f9_tn'),
    (1000106, 'https://cf.shopee.vn/file/e20689ce35f18d37f67df05316e714f9_tn');
INSERT INTO `ProductImage`(`productId`, `url`)
VALUES
    (1000107, 'https://cf.shopee.vn/file/e20689ce35f18d37f67df05316e714f9_tn'),
    (1000107, 'https://cf.shopee.vn/file/e20689ce35f18d37f67df05316e714f9_tn'),
    (1000107, 'https://cf.shopee.vn/file/e20689ce35f18d37f67df05316e714f9_tn');
INSERT INTO `ProductImage`(`productId`, `url`)
VALUES
    (1000108, 'https://cf.shopee.vn/file/e20689ce35f18d37f67df05316e714f9_tn'),
    (1000108, 'https://cf.shopee.vn/file/e20689ce35f18d37f67df05316e714f9_tn'),
    (1000108, 'https://cf.shopee.vn/file/e20689ce35f18d37f67df05316e714f9_tn');
INSERT INTO `ProductImage`(`productId`, `url`)
VALUES
    (1000109, 'https://cf.shopee.vn/file/e20689ce35f18d37f67df05316e714f9_tn'),
    (1000109, 'https://cf.shopee.vn/file/e20689ce35f18d37f67df05316e714f9_tn'),
    (1000109, 'https://cf.shopee.vn/file/e20689ce35f18d37f67df05316e714f9_tn');
INSERT INTO `ProductImage`(`productId`, `url`)
VALUES
    (1000110, 'https://cf.shopee.vn/file/e20689ce35f18d37f67df05316e714f9_tn'),
    (1000110, 'https://cf.shopee.vn/file/e20689ce35f18d37f67df05316e714f9_tn'),
    (1000110, 'https://cf.shopee.vn/file/e20689ce35f18d37f67df05316e714f9_tn');
INSERT INTO `ProductImage`(`productId`, `url`)
VALUES
    (1000111, 'https://cf.shopee.vn/file/e20689ce35f18d37f67df05316e714f9_tn'),
    (1000111, 'https://cf.shopee.vn/file/e20689ce35f18d37f67df05316e714f9_tn'),
    (1000111, 'https://cf.shopee.vn/file/e20689ce35f18d37f67df05316e714f9_tn');
INSERT INTO `ProductImage`(`productId`, `url`)
VALUES
    (1000112, 'https://cf.shopee.vn/file/e20689ce35f18d37f67df05316e714f9_tn'),
    (1000112, 'https://cf.shopee.vn/file/e20689ce35f18d37f67df05316e714f9_tn'),
    (1000112, 'https://cf.shopee.vn/file/e20689ce35f18d37f67df05316e714f9_tn');
INSERT INTO `ProductImage`(`productId`, `url`)
VALUES
    (1000113, 'https://cf.shopee.vn/file/e20689ce35f18d37f67df05316e714f9_tn'),
    (1000113, 'https://cf.shopee.vn/file/e20689ce35f18d37f67df05316e714f9_tn'),
    (1000113, 'https://cf.shopee.vn/file/e20689ce35f18d37f67df05316e714f9_tn');
INSERT INTO `ProductImage`(`productId`, `url`)
VALUES
    (1000114, 'https://cf.shopee.vn/file/e20689ce35f18d37f67df05316e714f9_tn'),
    (1000114, 'https://cf.shopee.vn/file/e20689ce35f18d37f67df05316e714f9_tn'),
    (1000114, 'https://cf.shopee.vn/file/e20689ce35f18d37f67df05316e714f9_tn');
INSERT INTO `ProductImage`(`productId`, `url`)
VALUES
    (1000115, 'https://cf.shopee.vn/file/e20689ce35f18d37f67df05316e714f9_tn'),
    (1000115, 'https://cf.shopee.vn/file/e20689ce35f18d37f67df05316e714f9_tn'),
    (1000115, 'https://cf.shopee.vn/file/e20689ce35f18d37f67df05316e714f9_tn');
INSERT INTO `ProductImage`(`productId`, `url`)
VALUES
    (1000116, 'https://cf.shopee.vn/file/e20689ce35f18d37f67df05316e714f9_tn'),
    (1000116, 'https://cf.shopee.vn/file/e20689ce35f18d37f67df05316e714f9_tn'),
    (1000116, 'https://cf.shopee.vn/file/e20689ce35f18d37f67df05316e714f9_tn');
INSERT INTO `ProductImage`(`productId`, `url`)
VALUES
    (1000117, 'https://cf.shopee.vn/file/e20689ce35f18d37f67df05316e714f9_tn'),
    (1000117, 'https://cf.shopee.vn/file/e20689ce35f18d37f67df05316e714f9_tn'),
    (1000117, 'https://cf.shopee.vn/file/e20689ce35f18d37f67df05316e714f9_tn');
INSERT INTO `ProductImage`(`productId`, `url`)
VALUES
    (1000118, 'https://cf.shopee.vn/file/e20689ce35f18d37f67df05316e714f9_tn'),
    (1000118, 'https://cf.shopee.vn/file/e20689ce35f18d37f67df05316e714f9_tn'),
    (1000118, 'https://cf.shopee.vn/file/e20689ce35f18d37f67df05316e714f9_tn');
INSERT INTO `ProductImage`(`productId`, `url`)
VALUES
    (1000119, 'https://cf.shopee.vn/file/e20689ce35f18d37f67df05316e714f9_tn'),
    (1000119, 'https://cf.shopee.vn/file/e20689ce35f18d37f67df05316e714f9_tn'),
    (1000119, 'https://cf.shopee.vn/file/e20689ce35f18d37f67df05316e714f9_tn');
INSERT INTO `ProductImage`(`productId`, `url`)
VALUES
    (1000120, 'https://cf.shopee.vn/file/e20689ce35f18d37f67df05316e714f9_tn'),
    (1000120, 'https://cf.shopee.vn/file/e20689ce35f18d37f67df05316e714f9_tn'),
    (1000120, 'https://cf.shopee.vn/file/e20689ce35f18d37f67df05316e714f9_tn');
-- SELECT * FROM `ProductImage`;


/*********************************************************/
/* PRODUCT_CATEGORY */
/*********************************************************/
INSERT INTO `ProductCategory`(`productId`, `categoryId`)
VALUES
    (1000001, 1),
    (1000002, 1),
    (1000003, 1),
    (1000004, 1),
    (1000005, 1),
    (1000006, 1),
    (1000007, 1),
    (1000008, 1),
    (1000009, 1),
    (1000010, 1),
    (1000011, 1),
    (1000012, 1),
    (1000013, 1),
    (1000014, 1),
    (1000015, 1),
    (1000016, 1),
    (1000017, 1),
    (1000018, 1),
    (1000019, 1),
    (1000020, 2),
    (1000021, 2),
    (1000022, 2),
    (1000023, 2),
    (1000024, 2),
    (1000025, 2),
    (1000026, 2),
    (1000027, 2),
    (1000028, 2),
    (1000029, 2),
    (1000030, 2),
    (1000031, 2),
    (1000032, 2),
    (1000033, 2),
    (1000034, 2),
    (1000035, 2),
    (1000036, 2),
    (1000037, 2),
    (1000038, 2),
    (1000039, 2),
    (1000040, 2),
    (1000041, 3),
    (1000042, 3),
    (1000043, 3),
    (1000044, 3),
    (1000045, 3),
    (1000046, 3),
    (1000047, 3),
    (1000048, 3),
    (1000049, 3),
    (1000050, 3),
    (1000051, 3),
    (1000052, 3),
    (1000053, 3),
    (1000054, 3),
    (1000055, 3),
    (1000056, 3),
    (1000057, 3),
    (1000058, 3),
    (1000059, 3),
    (1000060, 3),
    (1000061, 3),
    (1000062, 4),
    (1000063, 4),
    (1000064, 4),
    (1000065, 4),
    (1000066, 4),
    (1000067, 4),
    (1000068, 4),
    (1000069, 4),
    (1000070, 4),
    (1000071, 4),
    (1000072, 4),
    (1000073, 4),
    (1000074, 4),
    (1000075, 4),
    (1000076, 4),
    (1000077, 4),
    (1000078, 4),
    (1000079, 4),
    (1000080, 4),
    (1000081, 5),
    (1000082, 5),
    (1000083, 5),
    (1000084, 5),
    (1000085, 5),
    (1000086, 5),
    (1000087, 5),
    (1000088, 5),
    (1000089, 5),
    (1000090, 5),
    (1000091, 5),
    (1000092, 5),
    (1000093, 5),
    (1000094, 5),
    (1000095, 5),
    (1000096, 5),
    (1000097, 5),
    (1000098, 5),
    (1000100, 6),
    (1000101, 6),
    (1000102, 6),
    (1000103, 6),
    (1000104, 6),
    (1000105, 6),
    (1000106, 6),
    (1000107, 6),
    (1000108, 6),
    (1000110, 6),
    (1000111, 6),
    (1000112, 6),
    (1000113, 6),
    (1000114, 6),
    (1000115, 6),
    (1000116, 6),
    (1000117, 6),
    (1000118, 6),
    (1000119, 6),
    (1000120, 6);


